web-scraper-order,web-scraper-start-url,link_toko,link_toko-href,nama_toko,Jml_produk,chat,follower,rating_toko,bergabung,promo,alamat_toko,link_produk,link_produk-href,nama_produk,promo_produk,terjual,gratis_ongkir,favorit
"1669257224-1","https://shopee.co.id/mall/brands/11042849","69Slam","https://shopee.co.id/69slam","","null","42% (hitungan jam)","7,5RB","4.8 (1,7RB penilaian)","24 bulan lalu","null","KAB. BADUNG","40%off69slam Sandal pria ARSIKI-ATDiskon 20%Murah LebayRp285.000Rp171.000110 TerjualKAB. BADUNG","https://shopee.co.id/69slam-Sandal-pria-ARSIKI-AT-i.340815435.12428025981?sp_atk=b5fa5eca-073a-4e5a-b697-10050c91c789&xptdk=b5fa5eca-073a-4e5a-b697-10050c91c789","null","null","null","null","null"
"1669257254-2","https://shopee.co.id/mall/brands/11042849","4CM","https://shopee.co.id/4cmstore","","508","37% (hitungan jam)","60,8RB","4.7 (28,5RB penilaian)","5 tahun lalu","null","KOTA DEPOK","30%off4CM Boxer black fireMurah LebayRp99.000Rp69.30010RB+ TerjualKOTA DEPOK","https://shopee.co.id/4CM-Boxer-black-fire-i.32984432.7155464356?sp_atk=e2a73ac2-a54d-42ad-ba84-9187ec3fe4c7&xptdk=e2a73ac2-a54d-42ad-ba84-9187ec3fe4c7","null","null","null","null","null"
"1669257289-3","https://shopee.co.id/mall/brands/11042849","4.20","https://shopee.co.id/4.20official","","null","79% (hitungan jam)","51RB","4.9 (7,2RB penilaian)","4 tahun lalu","null","KOTA BANDUNG","40%off4.20 T-Shirt Philosophy Mandala NavyPilih 2, bayar Rp170.000Rp170.000Rp102.000334 TerjualKOTA BANDUNG","https://shopee.co.id/4.20-T-Shirt-Philosophy-Mandala-Navy-i.87828273.10739275158?sp_atk=1485294c-39b3-451f-9231-b151ba0c2baa&xptdk=1485294c-39b3-451f-9231-b151ba0c2baa","null","null","null","null","null"
"1669257328-4","https://shopee.co.id/mall/brands/11042849","3Second","https://shopee.co.id/3secondshop","","null","85% (hitungan jam)","452RB","4.9 (116,3RB penilaian)","6 tahun lalu","null","KOTA BANDUNG","40%off3Second Men Jacket 021021Rp449.500Rp269.70049 TerjualKOTA BANDUNG","https://shopee.co.id/3Second-Men-Jacket-021021-i.18358818.11761195939?sp_atk=a0679976-3ec4-4745-b4d6-40d33e7da6dd&xptdk=a0679976-3ec4-4745-b4d6-40d33e7da6dd","null","null","null","null","null"
"1669257351-5","https://shopee.co.id/mall/brands/11042849","308ABSLTUNSCRD","https://shopee.co.id/308absltunscrd","","null","null","null","null","null","null","null","null","null","","","","",""
"1669257379-6","https://shopee.co.id/mall/brands/11042849","3'NThree","https://shopee.co.id/3nthreeofficial","","null","85% (hitungan jam)","7,1RB","4.8 (380 penilaian)","3 tahun lalu","null","KOTA TANGERANG","40%off3Nthree kemeja koko Pria Muslim originalDiskon Rp2,5RBMurah LebayRp249.000Rp149.40032 TerjualKOTA TANGERANG","https://shopee.co.id/3Nthree-kemeja-koko-Pria-Muslim-original-i.184001696.15666321843?sp_atk=04d0b3de-46ef-4a49-a901-726498267885&xptdk=04d0b3de-46ef-4a49-a901-726498267885","null","null","null","null","null"
"1669257401-7","https://shopee.co.id/mall/brands/11042849","2nd Red","https://shopee.co.id/2ndred","","null","null","null","null","null","null","null","null","null","","","","",""
"1669257427-8","https://shopee.co.id/mall/brands/11042849","2FAB4YOU","https://shopee.co.id/2fab4you","","149","34% (hitungan menit)","1,9RB","4.9 (426 penilaian)","4 tahun lalu","null","KOTA JAKARTA BARAT","65%off2FAB4YOU T-shirt OG FLAMINGO White/Putih - Pria/WanitaRp199.000Rp70.00013 TerjualKOTA JAKARTA BARAT","https://shopee.co.id/2FAB4YOU-T-shirt-OG-FLAMINGO-White-Putih-Pria-Wanita-i.73775993.2881168942?sp_atk=24b72b81-52ef-4912-92dd-536ce40de3e9&xptdk=24b72b81-52ef-4912-92dd-536ce40de3e9","null","null","null","null","null"
"1669257457-9","https://shopee.co.id/mall/brands/11042849","17Seven","https://shopee.co.id/seventeenseven","","null","78% (hitungan jam)","80,6RB","4.7 (48,9RB penilaian)","4 tahun lalu","null","KOTA JAKARTA TIMUR","78%off17Seven Original Celana Panjang Chino 015-HITAM-AKMurah LebayRp409.000Rp90.00010RB+ TerjualKOTA JAKARTA TIMUR","https://shopee.co.id/17Seven-Original-Celana-Panjang-Chino-015-HITAM-AK-i.91485121.7350661850?sp_atk=56062cfa-0d37-4d44-94b9-156522336929&xptdk=56062cfa-0d37-4d44-94b9-156522336929","null","null","null","null","null"
"1669257505-10","https://shopee.co.id/mall/brands/11042849","07:35","https://shopee.co.id/0735_apparel","","52","70% (hitungan jam)","9,4RB","4.9 (1,4RB penilaian)","27 bulan lalu","null","KOTA JAKARTA UTARA","07:35 - Random SaleRp73.500244 TerjualKOTA JAKARTA UTARA","https://shopee.co.id/07-35-Random-Sale-i.298491252.9975420944?sp_atk=fbde07bd-3971-4e67-a0b6-628bc8132624&xptdk=fbde07bd-3971-4e67-a0b6-628bc8132624","null","null","null","null","null"
"1669257539-11","https://shopee.co.id/mall/brands/11042849","Zweckout Label","https://shopee.co.id/zweckout_label.official","","null","96% (hitungan jam)","15,6RB","4.6 (16,2RB penilaian)","5 tahun lalu","null","KAB. BANDUNG","44%offZWECKOUT LABEL - Celana Joger Slim Fit Skinny Jogger Pants Pria Korean Style HitamDiskon Rp5RBMurah LebayRp160.000Rp89.00010RB+ TerjualKAB. BANDUNG","https://shopee.co.id/ZWECKOUT-LABEL-Celana-Joger-Slim-Fit-Skinny-Jogger-Pants-Pria-Korean-Style-Hitam-i.59825614.6716661856?sp_atk=46b60b83-8084-45e5-88c3-42085e0d22ef&xptdk=46b60b83-8084-45e5-88c3-42085e0d22ef","null","null","null","null","null"
"1669257574-12","https://shopee.co.id/mall/brands/11042849","Zhon Army","https://shopee.co.id/zhonarmy","","37","72% (hitungan jam)","5,3RB","4.5 (215 penilaian)","4 bulan lalu","null","KAB. BANDUNG","ZHON ARMY - Ciel UnderPants - Cd Boxer Pria RandomDiskon 90%Rp50.000 - Rp200.000466 TerjualKAB. BANDUNG","https://shopee.co.id/ZHON-ARMY-Ciel-UnderPants-Cd-Boxer-Pria-Random-i.832121891.16581051299?sp_atk=8b015d58-2a6b-41bb-975c-45934bbc8558&xptdk=8b015d58-2a6b-41bb-975c-45934bbc8558","null","null","null","null","null"
"1669257607-13","https://shopee.co.id/mall/brands/11042849","ZG Zegoboss","https://shopee.co.id/zgzegoboss","","54","84% (hitungan jam)","5,1RB","4.8 (1RB penilaian)","26 bulan lalu","null","KOTA JAKARTA PUSAT","65%offZEGO BOSS Celana Panjang Jeans Stretch Denim Regular Fit (Solid Black)Murah LebayRp199.900 - Rp239.900443 TerjualKOTA JAKARTA PUSAT","https://shopee.co.id/ZEGO-BOSS-Celana-Panjang-Jeans-Stretch-Denim-Regular-Fit-(Solid-Black)-i.307319831.7351957312?sp_atk=529c2ad5-e2da-4c33-92e3-64abad728218&xptdk=529c2ad5-e2da-4c33-92e3-64abad728218","null","null","null","null","null"
"1669257640-14","https://shopee.co.id/mall/brands/11042849","ZeroTwentyTwo","https://shopee.co.id/zerotwentytwo.id","","null","84% (hitungan jam)","72,2RB","4.8 (18,9RB penilaian)","3 tahun lalu","null","KOTA BANDUNG","46%offZeroTwentyTwo T-shirt Transfer Black | Kaos Pria Parodi Plesetan Lucu ThrasherDiskon Rp2RBPilih 2, bayar Rp189.000Rp175.000Rp94.000875 TerjualKOTA BANDUNG","https://shopee.co.id/ZeroTwentyTwo-T-shirt-Transfer-Black-Kaos-Pria-Parodi-Plesetan-Lucu-Thrasher-i.175877695.7115926408?sp_atk=eabeccfa-01fb-43e9-95c7-5c5d4ddb2760&xptdk=eabeccfa-01fb-43e9-95c7-5c5d4ddb2760","null","null","null","null","null"
"1669257669-15","https://shopee.co.id/mall/brands/11042849","ZEROHEROES","https://shopee.co.id/zeroheroes.original","","435","97% (hitungan jam)","35,9RB","4.9 (12,3RB penilaian)","4 tahun lalu","null","KAB. MALANG","44%offZeroheroes | Kaos Kaki Tebal Premium Motif Garis OldschoolDiskon Rp1RBMurah LebayRp35.000Rp19.7002,3RB TerjualKAB. MALANG","https://shopee.co.id/Zeroheroes-Kaos-Kaki-Tebal-Premium-Motif-Garis-Oldschool-i.96006998.7450999154?sp_atk=832613a9-c1d3-41b4-99ea-e5bf1f63f761&xptdk=832613a9-c1d3-41b4-99ea-e5bf1f63f761","null","null","null","null","null"
"1669257722-16","https://shopee.co.id/mall/brands/11042849","Zaskia Mecca","https://shopee.co.id/zaskiamecca.official","","null","100% (hitungan jam)","1,9JT","4.8 (889,5RB penilaian)","6 tahun lalu","null","KOTA DEPOK","65%offZM Zaskia Mecca - Penyengat Dusty Green Scarf Kerudung Segi Empat Ultra SonicDiskon 10%Pilih 3, diskon 5%Rp189.000Rp67.0001,4RB TerjualKOTA DEPOK","https://shopee.co.id/ZM-Zaskia-Mecca-Penyengat-Dusty-Green-Scarf-Kerudung-Segi-Empat-Ultra-Sonic-i.12654106.6984957612?sp_atk=65b29db5-d7c2-4181-a0f5-2b8b5d1d2729&xptdk=65b29db5-d7c2-4181-a0f5-2b8b5d1d2729","null","null","null","null","null"
"1669257746-17","https://shopee.co.id/mall/brands/11042849","Zanetti","https://shopee.co.id/zanettiofficial","","null","100%","822","4.9 (16 penilaian)","27 bulan lalu","null","KOTA JAKARTA UTARA","ZL 75004 Zanetti Kemeja Basic Polos Slim Fit Lengan Panjang Hitam PekatRp249.0003 TerjualKOTA JAKARTA UTARA","https://shopee.co.id/ZL-75004-Zanetti-Kemeja-Basic-Polos-Slim-Fit-Lengan-Panjang-Hitam-Pekat-i.300622025.9010811787?sp_atk=a927ef03-0dad-4ce1-93b4-581ebb97a3fe&xptdk=a927ef03-0dad-4ce1-93b4-581ebb97a3fe","null","null","null","null","null"
"1669257775-18","https://shopee.co.id/mall/brands/11042849","Zalora","https://shopee.co.id/tolliverofficialshop","","null","99% (hitungan jam)","120,2RB","4.8 (13,7RB penilaian)","3 tahun lalu","null","KOTA BEKASI","60%offTolliver Hoodies With Zipper NavyDiskon 5%Rp349.000Rp139.000233 TerjualKOTA BEKASI","https://shopee.co.id/Tolliver-Hoodies-With-Zipper-Navy-i.166667048.4439560886?sp_atk=23605a63-35f9-4970-a440-cda953a2cb83&xptdk=23605a63-35f9-4970-a440-cda953a2cb83","null","null","null","null","null"
"1669257804-19","https://shopee.co.id/mall/brands/11042849","Zaemerci","https://shopee.co.id/zaemerci","","105","98% (hitungan jam)","23RB","4.8 (13,2RB penilaian)","33 bulan lalu","null","KOTA BANDUNG","20%offZaemerci - Kimono Kanvas  Lengan Panjang  Pria | Outer Casual Unisex OriginalDiskon 50%Pilih 2, diskon Rp15.000Rp72.000 - Rp153.0004,8RB TerjualKOTA BANDUNG","https://shopee.co.id/Zaemerci-Kimono-Kanvas-Lengan-Panjang-Pria-Outer-Casual-Unisex-Original-i.228751626.9915157509?sp_atk=5b57930a-6267-4609-87bd-1fe4f186f8d4&xptdk=5b57930a-6267-4609-87bd-1fe4f186f8d4","null","null","null","null","null"
"1669257835-20","https://shopee.co.id/mall/brands/11042849","Yesterday","https://shopee.co.id/yesterdayofficial","","435","94% (hitungan jam)","126,1RB","4.7 (131,9RB penilaian)","3 tahun lalu","null","KOTA BANDUNG","60%offYesterday Waistbag Full Print Takei BlackDiskon Rp2,5RBPilih 3, bayar Rp195.000Rp195.000Rp78.0002,7RB TerjualKOTA BANDUNG","https://shopee.co.id/Yesterday-Waistbag-Full-Print-Takei-Black-i.173440820.5556050824?sp_atk=714bb035-8f1e-4b7d-965c-251c93110bb8&xptdk=714bb035-8f1e-4b7d-965c-251c93110bb8","null","null","null","null","null"
"1669257873-21","https://shopee.co.id/mall/brands/11042849","YEGE","https://shopee.co.id/yegeindonesia","","592","35% (hitungan jam)","7,4RB","4.7 (4,8RB penilaian)","4 tahun lalu","null","KOTA JAKARTA UTARA","YEGE Kemeja Koko Pria Putih HADAAD Lengan PanjangRp149.900144 TerjualKOTA JAKARTA UTARA","https://shopee.co.id/YEGE-Kemeja-Koko-Pria-Putih-HADAAD-Lengan-Panjang-i.85448016.6642570864?sp_atk=e475927a-43af-43da-a905-08c7622a0aff&xptdk=e475927a-43af-43da-a905-08c7622a0aff","null","null","null","null","null"
"1669257904-22","https://shopee.co.id/mall/brands/11042849","Yauds.co","https://shopee.co.id/yauds.co","","37","20% (hitungan jam)","1,3RB","4.8 (50 penilaian)","4 tahun lalu","null","KOTA JAKARTA SELATAN","YAUDS.co x SPEAK UP TshirtRp220.0008 TerjualKOTA JAKARTA SELATAN","https://shopee.co.id/YAUDS.co-x-SPEAK-UP-Tshirt-i.128826850.9467307541?sp_atk=86b4f3fc-15e2-4939-8182-a92980a3a590&xptdk=86b4f3fc-15e2-4939-8182-a92980a3a590","null","null","null","null","null"
"1669257944-23","https://shopee.co.id/mall/brands/11042849","Yard Sale","https://shopee.co.id/yardsaleofficial","","690","70% (hitungan jam)","702","4.9 (100 penilaian)","22 bulan lalu","null","KOTA JAKARTA PUSAT","50%offYard Sale Costuum Kitsune Nylon Waist Bag OliveRp399.000Rp199.5001 TerjualKOTA JAKARTA PUSAT","https://shopee.co.id/Yard-Sale-Costuum-Kitsune-Nylon-Waist-Bag-Olive-i.383744581.4081437312?sp_atk=2d5234cd-7a37-4825-9e49-f86e1f7be720&xptdk=2d5234cd-7a37-4825-9e49-f86e1f7be720","null","null","null","null","null"
"1669257984-24","https://shopee.co.id/mall/brands/11042849","YAMASURIH","https://shopee.co.id/yamasurih.official","","57","36% (hitungan menit)","1,1RB","4.9 (171 penilaian)","29 bulan lalu","null","KOTA BANDUNG","Yamasurih - Kaos Hitam ""Pecker Bozo"" T-ShirtRp200.00034 TerjualKOTA BANDUNG","https://shopee.co.id/Yamasurih-Kaos-Hitam-Pecker-Bozo-T-Shirt-i.272365407.4863866211?sp_atk=9bc5e4ac-bcbf-4425-88bb-d080f3ac16e0&xptdk=9bc5e4ac-bcbf-4425-88bb-d080f3ac16e0","null","null","null","null","null"
"1669258014-25","https://shopee.co.id/mall/brands/11042849","YAJUGAYA","https://shopee.co.id/yajugayaindonesia","","null","87% (hitungan jam)","1,4RB","4.9 (232 penilaian)","3 tahun lalu","null","KOTA BEKASI","Yajugaya - SituasuRp215.00036 TerjualKOTA BEKASI","https://shopee.co.id/Yajugaya-Situasu-i.161754161.2429683023?sp_atk=3902d000-a8f4-412d-8957-1cfae98f3934&xptdk=3902d000-a8f4-412d-8957-1cfae98f3934","null","null","null","null","null"
"1669258046-26","https://shopee.co.id/mall/brands/11042849","XXMAKE","https://shopee.co.id/xxmake_official","","57","100% (hitungan menit)","82,3RB","4.8 (54,1RB penilaian)","31 bulan lalu","null","KAB. TANGERANG","51%badge_label_offXXMake Elastic Cover Sofa Bed Penutup Sofa Pattern Modern Menarik Sarung Sofa Bed S M L Penutup Sofa Bed ElastisDiskon 20%Murah LebayRp83.000 - Rp114.000label_historical_sold_nKAB. TANGERANG","https://shopee.co.id/XXMake-Elastic-Cover-Sofa-Bed-Penutup-Sofa-Pattern-Modern-Menarik-Sarung-Sofa-Bed-S-M-L-Penutup-Sofa-Bed-Elastis-i.253240817.12446645553?sp_atk=7b14a256-b640-4272-b76f-ac400e498c5c&xptdk=7b14a256-b640-4272-b76f-ac400e498c5c","null","null","null","null","null"
"1669258073-27","https://shopee.co.id/mall/brands/11042849","X8","https://shopee.co.id/x8official","","null","93% (hitungan jam)","159,8RB","4.9 (20,2RB penilaian)","5 tahun lalu","null","KOTA JAKARTA BARAT","50%offBLUELINE by X8 Nino T-Shirt Pakaian PriaHadiah GratisRp189.900Rp94.950382 TerjualKOTA JAKARTA BARAT","https://shopee.co.id/BLUELINE-by-X8-Nino-T-Shirt-Pakaian-Pria-i.66854073.9423501364?sp_atk=eba5ab94-6557-4b7a-96d6-c5e9c1239d88&xptdk=eba5ab94-6557-4b7a-96d6-c5e9c1239d88","null","null","null","null","null"
"1669258108-28","https://shopee.co.id/mall/brands/11042849","X Urban Absolute","https://shopee.co.id/xurbandabsolute","","253","92% (hitungan jam)","173,5RB","4.8 (31,3RB penilaian)","34 bulan lalu","null","KAB. BANDUNG","20%offX Urband Absolute Jaket Sukajan Raion Terlaris A096Kombo HematRp60.000 - Rp89.60010RB+ TerjualKAB. BANDUNG","https://shopee.co.id/X-Urband-Absolute-Jaket-Sukajan-Raion-Terlaris-A096-i.224747419.9127208738?sp_atk=854c20d9-afe3-4dc7-a354-f55e823609bc&xptdk=854c20d9-afe3-4dc7-a354-f55e823609bc","null","null","null","null","null"
"1669258146-29","https://shopee.co.id/mall/brands/11042849","Wrangler","https://shopee.co.id/wranglerofficial","","1,1RB","58% (hitungan jam)","160,1RB","4.8 (30,1RB penilaian)","5 tahun lalu","null","KOTA BEKASI","20%offWrangler Jeans Texasbmcbc01A18Diskon Rp40RBRp459.900Rp367.920567 TerjualKOTA BEKASI","https://shopee.co.id/Wrangler-Jeans-Texasbmcbc01A18-i.55945766.4815275614?sp_atk=a6aa7c47-8d44-432a-865e-658d5e9f8d0c&xptdk=a6aa7c47-8d44-432a-865e-658d5e9f8d0c","null","null","null","null","null"
"1669258177-30","https://shopee.co.id/mall/brands/11042849","Worth ID","https://shopee.co.id/worthid.clothing","","null","87% (hitungan jam)","139,2RB","4.8 (42,5RB penilaian)","6 tahun lalu","null","KOTA BEKASI","25%offWORTH ID Kemeja Pria Cotton Pique Panjang BlackDiskon 50%Rp150.000 - Rp199.0002RB TerjualKOTA BEKASI","https://shopee.co.id/WORTH-ID-Kemeja-Pria-Cotton-Pique-Panjang-Black-i.11950297.1509390338?sp_atk=474173d1-d036-4ba0-96d8-c8d1f447f0c8&xptdk=474173d1-d036-4ba0-96d8-c8d1f447f0c8","null","null","null","null","null"
"1669258205-31","https://shopee.co.id/mall/brands/11042849","Wormhole","https://shopee.co.id/wormholestore","","null","90% (hitungan jam)","95,3RB","4.9 (12,9RB penilaian)","4 tahun lalu","null","KOTA BANDUNG","5%offW.Essentiels Jaket Ecume Oversize Hoodie Olive EssentielsDiskon 10%Rp499.000Rp474.0501,2RB TerjualKOTA BANDUNG","https://shopee.co.id/W.Essentiels-Jaket-Ecume-Oversize-Hoodie-Olive-Essentiels-i.87216194.1455625420?sp_atk=4c5d7a05-cf78-4346-a851-33e36772fd45&xptdk=4c5d7a05-cf78-4346-a851-33e36772fd45","null","null","null","null","null"
"1669258235-32","https://shopee.co.id/mall/brands/11042849","Workout Streetwear","https://shopee.co.id/workoutstreetwear","","null","98% (hitungan jam)","112,2RB","4.8 (53,2RB penilaian)","25 bulan lalu","null","KOTA BANDUNG","51%offWorkout Streetwear Kaos Distro Cream BrokePilih 2, bayar Rp145.000Rp68.600 - Rp75.6008RB TerjualKOTA BANDUNG","https://shopee.co.id/Workout-Streetwear-Kaos-Distro-Cream-Broke-i.327711825.7884871886?sp_atk=c45960b7-8778-4a44-8127-aa4772facbe8&xptdk=c45960b7-8778-4a44-8127-aa4772facbe8","null","null","null","null","null"
"1669258262-33","https://shopee.co.id/mall/brands/11042849","Woof Pack","https://shopee.co.id/woofpack","","null","63% (hitungan jam)","2,6RB","4.6 (4RB penilaian)","4 tahun lalu","null","KOTA JAKARTA BARAT","84%offTas Pouch Clutch Aksesoris Wanita Pria Multifungsi Woof Pack TCpouchXmi1Murah LebayRp70.000Rp10.9002,6RB TerjualKOTA JAKARTA BARAT","https://shopee.co.id/Tas-Pouch-Clutch-Aksesoris-Wanita-Pria-Multifungsi-Woof-Pack-TCpouchXmi1-i.136847255.2090382228?sp_atk=dfe29286-99dc-47b7-b26d-deb8df63f767&xptdk=dfe29286-99dc-47b7-b26d-deb8df63f767","null","null","null","null","null"
"1669258296-34","https://shopee.co.id/mall/brands/11042849","Woodcutter","https://shopee.co.id/woodcutter","","null","96% (hitungan jam)","50,2RB","4.8 (22,3RB penilaian)","6 tahun lalu","null","KOTA BEKASI","16%offWOODCUTTER Kemeja Green Oakland Flannel ShirtPilih 2, diskon Rp5.000Rp189.000Rp159.5001,5RB TerjualKOTA BEKASI","https://shopee.co.id/WOODCUTTER-Kemeja-Green-Oakland-Flannel-Shirt-i.11559302.7532185453?sp_atk=29c88519-fd71-40ca-a8fb-da7730f6ce97&xptdk=29c88519-fd71-40ca-a8fb-da7730f6ce97","null","null","null","null","null"
"1669258326-35","https://shopee.co.id/mall/brands/11042849","Wood","https://shopee.co.id/woodofficialshop","","null","64% (hitungan jam)","10,1RB","4.9 (1,9RB penilaian)","25 bulan lalu","null","KOTA BEKASI","50%offWOOD Modern Fit Chino Pants 2-OPXBSC518O028 SandDiskon Rp20RBRp479.900Rp239.95073 TerjualKOTA BEKASI","https://shopee.co.id/WOOD-Modern-Fit-Chino-Pants-2-OPXBSC518O028-Sand-i.321648624.3371878387?sp_atk=36026c18-3244-4593-ade7-a87e7ea675db&xptdk=36026c18-3244-4593-ade7-a87e7ea675db","null","null","null","null","null"
"1669258360-36","https://shopee.co.id/mall/brands/11042849","Woffi Man","https://shopee.co.id/woffimanofficialshop","","1RB","94% (hitungan jam)","9,7RB","4.8 (2,6RB penilaian)","29 bulan lalu","null","KOTA SURABAYA","80%offWoffi Kaos Pria - Denimize StripesRp380.000Rp75.00083 TerjualKOTA SURABAYA","https://shopee.co.id/Woffi-Kaos-Pria-Denimize-Stripes-i.279757087.7345304149?sp_atk=0d066a6a-754c-4260-891a-c4973949c74f&xptdk=0d066a6a-754c-4260-891a-c4973949c74f","null","null","null","null","null"
"1669258390-37","https://shopee.co.id/mall/brands/11042849","WKND","https://shopee.co.id/wkndclothes","","null","94% (hitungan jam)","148,9RB","4.8 (34,2RB penilaian)","4 tahun lalu","null","KOTA BANDUNG","44%offWKND Sweater Crewneck Original 1074 Cream Be Bold And BraveRp295.000Rp165.0007,5RB TerjualKOTA BANDUNG","https://shopee.co.id/WKND-Sweater-Crewneck-Original-1074-Cream-Be-Bold-And-Brave-i.107851093.7877608885?sp_atk=ba1939ab-4990-4067-8277-7575f8ee2903&xptdk=ba1939ab-4990-4067-8277-7575f8ee2903","null","null","null","null","null"
"1669258426-38","https://shopee.co.id/mall/brands/11042849","WIN Indonesia","https://shopee.co.id/winofficialshop","","null","73% (hitungan jam)","2,7RB","4.7 (388 penilaian)","10 bulan lalu","null","KAB. BANDUNG","47%offWIN - Parfume Unisex TravelRp80.000Rp42.400101 TerjualKAB. BANDUNG","https://shopee.co.id/WIN-Parfume-Unisex-Travel-i.680129571.20855210672?sp_atk=f4bfde5a-5c13-4d96-9603-733344dd2441&xptdk=f4bfde5a-5c13-4d96-9603-733344dd2441","null","null","null","null","null"
"1669258460-39","https://shopee.co.id/mall/brands/11042849","Will K","https://shopee.co.id/willklondon","","193","76% (hitungan jam)","18,6RB","4.8 (1,6RB penilaian)","5 tahun lalu","null","KOTA SURABAYA","47%offWILL-K LONDON T-shirt Contemporary Work Wear Sage GreenCashback 11%Rp189.900Rp99.90050 TerjualKOTA SURABAYA","https://shopee.co.id/WILL-K-LONDON-T-shirt-Contemporary-Work-Wear-Sage-Green-i.57319952.9653584802?sp_atk=74eca078-c68b-4fbe-ae37-7ea38c1409a1&xptdk=74eca078-c68b-4fbe-ae37-7ea38c1409a1","null","null","null","null","null"
"1669258487-40","https://shopee.co.id/mall/brands/11042849","WHSTL.","https://shopee.co.id/whstlofficial","","null","92% (hitungan jam)","55,9RB","4.8 (16,5RB penilaian)","5 tahun lalu","null","KOTA BANDUNG","40%offWHSTL. Topi 5 Panel Pria - Clone Series (5 Pilihan Warna)Diskon Rp5RBRp120.000Rp72.0004,8RB TerjualKOTA BANDUNG","https://shopee.co.id/WHSTL.-Topi-5-Panel-Pria-Clone-Series-(5-Pilihan-Warna)-i.58359064.5832274561?sp_atk=4fc6fb55-14aa-4fc8-a5a9-55e785adcdc9&xptdk=4fc6fb55-14aa-4fc8-a5a9-55e785adcdc9","null","null","null","null","null"
"1669258524-41","https://shopee.co.id/mall/brands/11042849","WGB","https://shopee.co.id/wahgedebanget","","292","71% (hitungan jam)","11,3RB","4.9 (6,5RB penilaian)","6 tahun lalu","null","KOTA TANGERANG","Masker+ PRO BIG SIZE Bahan 3 Lapis Non Medis Tebal Earloop Korea Anti Virus WGBGrosirRp34.9002,1RB TerjualKOTA TANGERANG","https://shopee.co.id/Masker-PRO-BIG-SIZE-Bahan-3-Lapis-Non-Medis-Tebal-Earloop-Korea-Anti-Virus-WGB-i.6308095.6654182982?sp_atk=9d573fdc-6cd0-4e91-986a-791ff1c1401c&xptdk=9d573fdc-6cd0-4e91-986a-791ff1c1401c","null","null","null","null","null"
"1669258578-42","https://shopee.co.id/mall/brands/11042849","Welldone","https://shopee.co.id/welldone.store","","275","81% (hitungan jam)","182,7RB","4.8 (81,9RB penilaian)","4 tahun lalu","null","KAB. BANDUNG","43%offWelldone Hoodie - Hoodie Fantastic BlackRp349.000Rp199.0003RB TerjualKAB. BANDUNG","https://shopee.co.id/Welldone-Hoodie-Hoodie-Fantastic-Black-i.96896363.6131859864?sp_atk=933aeaa5-07dd-4387-b0f2-acebed5dd295&xptdk=933aeaa5-07dd-4387-b0f2-acebed5dd295","null","null","null","null","null"
"1669258630-43","https://shopee.co.id/mall/brands/11042849","Wellborn","https://shopee.co.id/wellborncompany","","344","97% (hitungan jam)","383,5RB","4.8 (173,8RB penilaian)","34 bulan lalu","null","KOTA BANDUNG","74%offWellborn Polo Two Tone Shirt CollectionHadiah GratisRp265.000Rp69.0002,3RB TerjualKOTA BANDUNG","https://shopee.co.id/Wellborn-Polo-Two-Tone-Shirt-Collection-i.218995246.9819735704?sp_atk=1649515b-cba9-457c-8ece-a6a18480436a&xptdk=1649515b-cba9-457c-8ece-a6a18480436a","null","null","null","null","null"
"1669258662-44","https://shopee.co.id/mall/brands/11042849","Wear Ware","https://shopee.co.id/wearware.id","","31","100% (hitungan jam)","1,3RB","4.9 (1,4RB penilaian)","5 tahun lalu","null","KOTA JAKARTA BARAT","26%offWEAR WARE - T Shirt Wanita - Bamboo Cotton V Neck WB003Rp59.200 - Rp80.000537 TerjualKOTA JAKARTA BARAT","https://shopee.co.id/WEAR-WARE-T-Shirt-Wanita-Bamboo-Cotton-V-Neck-WB003-i.45175550.2946904401?sp_atk=2f2b4d4d-51ec-4f5f-b308-6238ebf45097&xptdk=2f2b4d4d-51ec-4f5f-b308-6238ebf45097","null","null","null","null","null"
"1669258696-45","https://shopee.co.id/mall/brands/11042849","Watchout","https://shopee.co.id/watchout.casual.jeans","","null","99% (hitungan jam)","20,2RB","4.9 (8,7RB penilaian)","31 bulan lalu","null","KOTA BANDUNG","70%offWatchout Short Sleeve Koko - JS8007401Hadiah GratisRp439.900Rp129.900159 TerjualKOTA BANDUNG","https://shopee.co.id/Watchout-Short-Sleeve-Koko-JS8007401-i.243163767.6558577471?sp_atk=7494e98f-81c7-483c-ac47-53c3d20c55c0&xptdk=7494e98f-81c7-483c-ac47-53c3d20c55c0","null","null","null","null","null"
"1669258758-46","https://shopee.co.id/mall/brands/11042849","Wassup WSP","https://shopee.co.id/wassup_wsp","","null","100% (hitungan menit)","4,5RB","4.8 (4,5RB penilaian)","18 bulan lalu","null","KAB. TANGERANG","54%off【BPOM】WASSUP BIOAQUA  Essence Mask 10x the effect Whitening Moisturizing SKIN CARE Sleeping MASKER wajah Sheet MASK 25g/28ml Buy 7pcs get Rp1900 offPilih 7, diskon Rp1.900Rp3.699 - Rp4.09910RB+ TerjualKAB. TANGERANG","https://shopee.co.id/%E3%80%90BPOM%E3%80%91WASSUP-BIOAQUA-Essence-Mask-10x-the-effect-Whitening-Moisturizing-SKIN-CARE-Sleeping-MASKER-wajah-Sheet-MASK-25g-28ml-Buy-7pcs-get-Rp1900-off-i.456602822.17125030498?sp_atk=d4048ce4-bcc3-413c-b72d-bbd343ebb69c&xptdk=d4048ce4-bcc3-413c-b72d-bbd343ebb69c","null","null","null","null","null"
"1669258801-47","https://shopee.co.id/mall/brands/11042849","Waskito","https://shopee.co.id/batikwaskito","","null","95% (hitungan jam)","12,2RB","4.9 (2RB penilaian)","3 tahun lalu","null","KOTA SURABAYA","67%offMasker Batik Katun murah (random)GrosirRp3.000Rp1.000370 TerjualKOTA SURABAYA","https://shopee.co.id/Masker-Batik-Katun-murah-(random)-i.173440985.13128151389?sp_atk=3f4c6b5e-d50b-40d8-a4b9-a708a790e946&xptdk=3f4c6b5e-d50b-40d8-a4b9-a708a790e946","null","null","null","null","null"
"1669258834-48","https://shopee.co.id/mall/brands/11042849","Warning Clothing","https://shopee.co.id/warningclothing","","366","80% (hitungan jam)","14,7RB","4.8 (6,5RB penilaian)","34 bulan lalu","null","KOTA BANDUNG","Warning Praise 1 Polo CapRp149.000335 TerjualKOTA BANDUNG","https://shopee.co.id/Warning-Praise-1-Polo-Cap-i.223114590.5740497020?sp_atk=9616030f-33fb-4b00-85ab-944132463c83&xptdk=9616030f-33fb-4b00-85ab-944132463c83","null","null","null","null","null"
"1669258861-49","https://shopee.co.id/mall/brands/11042849","WARDKICK","https://shopee.co.id/wardkick_official_shop","","null","74% (hitungan jam)","5,1RB","4.8 (652 penilaian)","4 tahun lalu","null","KAB. BANDUNG BARAT","50%offWARDKICK Sweater Crewneck black white MetalRp350.000Rp175.0001,5RB TerjualKAB. BANDUNG BARAT","https://shopee.co.id/WARDKICK-Sweater-Crewneck-black-white-Metal-i.145609753.11809220219?sp_atk=b6c58d5e-c50d-4833-9a91-ca271237bcfa&xptdk=b6c58d5e-c50d-4833-9a91-ca271237bcfa","null","null","null","null","null"
"1669258902-50","https://shopee.co.id/mall/brands/11042849","Walrus","https://shopee.co.id/walrusfashion","","null","97% (hitungan jam)","13,9RB","4.9 (13,7RB penilaian)","4 tahun lalu","null","KOTA SURABAYA","56%offWalrus Kaos Polo Basic (Polos) Putih  T1021501Diskon Rp5RBRp269.900Rp119.900165 TerjualKOTA SURABAYA","https://shopee.co.id/Walrus-Kaos-Polo-Basic-(Polos)-Putih-T1021501-i.89671317.6213714446?sp_atk=cae7cf41-9d47-42ea-9b6a-676f51a1b439&xptdk=cae7cf41-9d47-42ea-9b6a-676f51a1b439","null","null","null","null","null"
"1669258941-51","https://shopee.co.id/mall/brands/11042849","WALKOUT","https://shopee.co.id/walkoutclothing","","79","88% (hitungan menit)","20RB","4.8 (606 penilaian)","5 tahun lalu","null","KOTA CIMAHI","28%offWalkout Wallet Bio BrownDiskon 50%Pilih 2, diskon Rp5.000Rp160.000Rp115.000141 TerjualKOTA CIMAHI","https://shopee.co.id/Walkout-Wallet-Bio-Brown-i.68131673.6041062824?sp_atk=f877160f-4d05-4e93-9530-a5abb29c4f1f&xptdk=f877160f-4d05-4e93-9530-a5abb29c4f1f","null","null","null","null","null"
"1669258991-52","https://shopee.co.id/mall/brands/11042849","WADEZIG!","https://shopee.co.id/wadezigstore","","1,3RB","79% (hitungan jam)","93,5RB","4.8 (11,1RB penilaian)","4 tahun lalu","null","KOTA BANDUNG","WADEZIG! Tshirt - Jerusalem Black On Black #3Murah LebayRp135.000288 TerjualKOTA BANDUNG","https://shopee.co.id/WADEZIG!-Tshirt-Jerusalem-Black-On-Black-3-i.118297438.10730160310?sp_atk=0de2083a-af0e-4e61-aefc-a461f9237afd&xptdk=0de2083a-af0e-4e61-aefc-a461f9237afd","null","null","null","null","null"
"1669259027-53","https://shopee.co.id/mall/brands/11042849","VSLSS","https://shopee.co.id/vslss.official","","135","96% (hitungan menit)","1,5RB","4.9 (118 penilaian)","4 tahun lalu","null","KOTA BANDUNG","70%offVslss - Hoodie - Establert - BlackDiskon Rp20RBRp359.000Rp107.7001 TerjualKOTA BANDUNG","https://shopee.co.id/Vslss-Hoodie-Establert-Black-i.74213140.3183746429?sp_atk=18fca826-fc61-4903-8134-0f9718cd1602&xptdk=18fca826-fc61-4903-8134-0f9718cd1602","null","null","null","null","null"
"1669259058-54","https://shopee.co.id/mall/brands/11042849","Vreedom","https://shopee.co.id/vreedomofficial","","38","83% (hitungan jam)","2,2RB","4.9 (434 penilaian)","13 bulan lalu","null","KOTA DEPOK","VREEDOM Hermit Oversized T-shirt BlackDiskon 5%Rp249.000117 TerjualKOTA DEPOK","https://shopee.co.id/VREEDOM-Hermit-Oversized-T-shirt-Black-i.572294517.15017849452?sp_atk=5c8622e4-03ef-4a7b-94c6-bb078bd35e53&xptdk=5c8622e4-03ef-4a7b-94c6-bb078bd35e53","null","null","null","null","null"
"1669259093-55","https://shopee.co.id/mall/brands/11042849","Voordurend Love","https://shopee.co.id/voordurend","","null","87% (hitungan jam)","12,1RB","4.8 (3,2RB penilaian)","4 tahun lalu","null","KOTA DENPASAR","10%offVoordurend Love - Mackas Icon Laxtee -  Unisex - Black – Tshirt – Relaxed Fit – Cotton Combed 20sRp199.000Rp179.10073 TerjualKOTA DENPASAR","https://shopee.co.id/Voordurend-Love-Mackas-Icon-Laxtee-Unisex-Black-%E2%80%93-Tshirt-%E2%80%93-Relaxed-Fit-%E2%80%93-Cotton-Combed-20s-i.119754295.4779971818?sp_atk=cef7da28-5e3a-498e-bbac-3c690e6b85ba&xptdk=cef7da28-5e3a-498e-bbac-3c690e6b85ba","null","null","null","null","null"
"1669259129-56","https://shopee.co.id/mall/brands/11042849","Von Dutch","https://shopee.co.id/vondutchofficial","","434","42% (hitungan jam)","30,5RB","4.9 (17RB penilaian)","33 bulan lalu","null","KOTA JAKARTA BARAT","30%offVondutch / Kaos / Tshirt / baju 0330BLRp359.000Rp251.300312 TerjualKOTA JAKARTA BARAT","https://shopee.co.id/Vondutch-Kaos-Tshirt-baju-0330BL-i.228625083.4342106284?sp_atk=9c78a7ef-a2b0-4c86-9164-139d603bf4c5&xptdk=9c78a7ef-a2b0-4c86-9164-139d603bf4c5","null","null","null","null","null"
"1669259161-57","https://shopee.co.id/mall/brands/11042849","VOLKVOG","https://shopee.co.id/volkvog","","306","98% (hitungan menit)","37,4RB","4.9 (7,7RB penilaian)","4 tahun lalu","null","KOTA BEKASI","43%offVolkvog Jeans Chino Panjang Genova SlimfitRp350.000Rp199.5001RB TerjualKOTA BEKASI","https://shopee.co.id/Volkvog-Jeans-Chino-Panjang-Genova-Slimfit-i.78022274.1336544032?sp_atk=d5b6e3ef-9e0c-474a-8636-e3db4f036b20&xptdk=d5b6e3ef-9e0c-474a-8636-e3db4f036b20","null","null","null","null","null"
"1669259206-58","https://shopee.co.id/mall/brands/11042849","Volcom","https://shopee.co.id/volcomofficial","","619","100% (hitungan menit)","42,9RB","4.9 (18,5RB penilaian)","26 bulan lalu","null","KAB. BADUNG","30%offVOLCOM - GSB CHILLIN WAISTBAG BLKRp525.000Rp367.000148 TerjualKAB. BADUNG","https://shopee.co.id/VOLCOM-GSB-CHILLIN-WAISTBAG-BLK-i.315833408.6684168805?sp_atk=a7e33d84-c682-4e15-a32a-2aa78de1cd85&xptdk=a7e33d84-c682-4e15-a32a-2aa78de1cd85","null","null","null","null","null"
"1669259248-59","https://shopee.co.id/mall/brands/11042849","VNOISE","https://shopee.co.id/vnoise","","38","79% (hitungan jam)","1,2RB","4.6 (376 penilaian)","5 bulan lalu","null","KAB. BANDUNG","42%offVNOISE - Celana Jogger Pria Trendy Korean StyleGrosirRp120.000Rp70.000655 TerjualKAB. BANDUNG","https://shopee.co.id/VNOISE-Celana-Jogger-Pria-Trendy-Korean-Style-i.804116510.21816706231?sp_atk=fdc06901-5efe-4917-ae1c-f0368f21d5ff&xptdk=fdc06901-5efe-4917-ae1c-f0368f21d5ff","null","null","null","null","null"
"1669259281-60","https://shopee.co.id/mall/brands/11042849","VNI.ID","https://shopee.co.id/vni.id","","64","99% (hitungan jam)","63,1RB","4.7 (48,7RB penilaian)","20 bulan lalu","null","KOTA JAKARTA BARAT","77%offVNI.ID Basic Sweater Polos New York 199X Pria & Wanita SIZE M-XXLDiskon Rp500Rp39.799 - Rp54.9769,5RB TerjualKOTA JAKARTA BARAT","https://shopee.co.id/VNI.ID-Basic-Sweater-Polos-New-York-199X-Pria-Wanita-SIZE-M-XXL-i.404771892.6182446887?sp_atk=ae729eee-7721-498d-baeb-4dbed2cd186e&xptdk=ae729eee-7721-498d-baeb-4dbed2cd186e","null","null","null","null","null"
"1669259312-61","https://shopee.co.id/mall/brands/11042849","Vitlexs","https://shopee.co.id/vitlexsofficial","","61","44% (hitungan jam)","9,4RB","4.7 (1,8RB penilaian)","26 bulan lalu","null","KAB. BANDUNG","40%offVitlexs Sandal Pria Slip On Art Font VitlexsDiskon Rp20RBPilih 2, diskon 5%Rp200.000Rp120.00023 TerjualKAB. BANDUNG","https://shopee.co.id/Vitlexs-Sandal-Pria-Slip-On-Art-Font-Vitlexs-i.312777406.11623187022?sp_atk=13883034-c2d0-4d3e-bace-ae87acb936d4&xptdk=13883034-c2d0-4d3e-bace-ae87acb936d4","null","null","null","null","null"
"1669259343-62","https://shopee.co.id/mall/brands/11042849","Vish","https://shopee.co.id/vishbyntl","","null","52% (hitungan jam)","17%","8RB","4.9 (1,2RB penilaian)","null","KOTA JAKARTA BARAT","Vish - (Ready Stock) Ventela x Nevertoolavish: H13 Noir HighRp469.800111 TerjualKOTA JAKARTA BARAT","https://shopee.co.id/Vish-(Ready-Stock)-Ventela-x-Nevertoolavish-H13-Noir-High-i.218254552.7149898391?sp_atk=788eef05-fdce-4f32-8e13-4d753fdc1d94&xptdk=788eef05-fdce-4f32-8e13-4d753fdc1d94","null","null","null","null","null"
"1669259385-63","https://shopee.co.id/mall/brands/11042849","Visbar","https://shopee.co.id/visbar.id","","null","91% (hitungan jam)","72,3RB","4.9 (17,9RB penilaian)","3 tahun lalu","null","KOTA DEPOK","25%offVisbar TShirt T13 - MermaidDiskon Rp1RBPilih 3, bayar Rp250.000Rp169.000Rp126.7501,6RB TerjualKOTA DEPOK","https://shopee.co.id/Visbar-TShirt-T13-Mermaid-i.166044163.5616761704?sp_atk=4f29039d-d753-411b-a429-cc82132fb7b2&xptdk=4f29039d-d753-411b-a429-cc82132fb7b2","null","null","null","null","null"
"1669259413-64","https://shopee.co.id/mall/brands/11042849","VIBESAPPAREL","https://shopee.co.id/vibesapparel_","","220","95% (hitungan jam)","31RB","4.8 (9RB penilaian)","4 tahun lalu","null","KOTA TANGERANG","55%offVIBES APPAREL | Wirepeace | Coach JacketDiskon 20%Murah LebayRp350.000Rp159.0001,2RB TerjualKOTA TANGERANG","https://shopee.co.id/VIBES-APPAREL-Wirepeace-Coach-Jacket-i.106062905.6765038927?sp_atk=87b26249-f78d-4afd-a3aa-ca2ecd24d5c1&xptdk=87b26249-f78d-4afd-a3aa-ca2ecd24d5c1","null","null","null","null","null"
"1669259443-65","https://shopee.co.id/mall/brands/11042849","Vialli Milano","https://shopee.co.id/viallimilano","","259","59% (hitungan jam)","1,8RB","4.9 (1,5RB penilaian)","27 bulan lalu","null","KOTA JAKARTA BARAT","Danatella Polo Stripe Shirt Wanita lengan pendekRp229.000156 TerjualKOTA JAKARTA BARAT","https://shopee.co.id/Danatella-Polo-Stripe-Shirt-Wanita-lengan-pendek-i.298649135.8811076206?sp_atk=d6fc667f-15d9-4d19-b471-aace05470a44&xptdk=d6fc667f-15d9-4d19-b471-aace05470a44","null","null","null","null","null"
"1669259468-66","https://shopee.co.id/mall/brands/11042849","Verticalgoods","https://shopee.co.id/verticalgoods","","172","97% (hitungan jam)","41,2RB","4.8 (15,5RB penilaian)","5 tahun lalu","null","KOTA TANGERANG","59%offVerticalgoods | T-shirt Oversize | Kaos CURE BeigeKombo HematRp200.000Rp82.000815 TerjualKOTA TANGERANG","https://shopee.co.id/Verticalgoods-T-shirt-Oversize-Kaos-CURE-Beige-i.42407758.13435141260?sp_atk=60d7eff8-33ab-41f7-aeeb-0e4500c6d8a4&xptdk=60d7eff8-33ab-41f7-aeeb-0e4500c6d8a4","null","null","null","null","null"
"1669259518-67","https://shopee.co.id/mall/brands/11042849","Verkoop","https://shopee.co.id/verkoop.store","","55","56% (hitungan jam)","2RB","4.9 (1,9RB penilaian)","9 bulan lalu","null","KOTA JAKARTA SELATAN","60%offVerkoop Long Sleeve Tshirt ArmyRp299.000Rp119.00035 TerjualKOTA JAKARTA SELATAN","https://shopee.co.id/Verkoop-Long-Sleeve-Tshirt-Army-i.698748973.20458886939?sp_atk=d6ef8429-813e-42d9-ad24-36e46481956c&xptdk=d6ef8429-813e-42d9-ad24-36e46481956c","null","null","null","null","null"
"1669259549-68","https://shopee.co.id/mall/brands/11042849","Vercline","https://shopee.co.id/vercline","","34","29% (hitungan jam)","1,9RB","4.8 (239 penilaian)","4 tahun lalu","null","KOTA JAKARTA BARAT","30%offVercline Oversized T-Shirt DOBIERp425.000Rp297.5004 TerjualKOTA JAKARTA BARAT","https://shopee.co.id/Vercline-Oversized-T-Shirt-DOBIE-i.92018159.19057695179?sp_atk=8cf2a907-58f8-40c7-8a3b-1a7be2ac239c&xptdk=8cf2a907-58f8-40c7-8a3b-1a7be2ac239c","null","null","null","null","null"
"1669259581-69","https://shopee.co.id/mall/brands/11042849","Vengoz","https://shopee.co.id/vengoz","","251","74% (hitungan jam)","126,5RB","4.8 (57,7RB penilaian)","5 tahun lalu","null","KOTA JAKARTA UTARA","64%offVENGOZ Kemeja Pria - Adya Casual ShirtDiskon 50%Pilih 2, diskon 3%Rp359.000Rp129.0002,7RB TerjualKOTA JAKARTA UTARA","https://shopee.co.id/VENGOZ-Kemeja-Pria-Adya-Casual-Shirt-i.58259176.9618220973?sp_atk=fa6e65f6-52eb-4514-a856-aa0f028e54be&xptdk=fa6e65f6-52eb-4514-a856-aa0f028e54be","null","null","null","null","null"
"1669259609-70","https://shopee.co.id/mall/brands/11042849","Veljko","https://shopee.co.id/veljko.official","","283","97% (hitungan jam)","57,5RB","4.8 (26,6RB penilaian)","34 bulan lalu","null","KOTA BANDUNG","45%offVeljko T-shirt Larva BlackDiskon Rp2,5RBRp135.000Rp74.5001,9RB TerjualKOTA BANDUNG","https://shopee.co.id/Veljko-T-shirt-Larva-Black-i.219487388.3929010782?sp_atk=03a21d24-bb72-4b9b-b1ec-43f63aee5af2&xptdk=03a21d24-bb72-4b9b-b1ec-43f63aee5af2","null","null","null","null","null"
"1669259638-71","https://shopee.co.id/mall/brands/11042849","Vearst","https://shopee.co.id/vearst","","null","89% (hitungan jam)","48RB","4.8 (15,6RB penilaian)","34 bulan lalu","null","KOTA BANDUNG","41%offVearst Work Pants Sable 540 Cut BlackDiskon Rp5RBRp439.000Rp260.000709 TerjualKOTA BANDUNG","https://shopee.co.id/Vearst-Work-Pants-Sable-540-Cut-Black-i.224781834.6278574673?sp_atk=36ab430c-fb89-4322-aa45-34dcd237e88d&xptdk=36ab430c-fb89-4322-aa45-34dcd237e88d","null","null","null","null","null"
"1669259666-72","https://shopee.co.id/mall/brands/11042849","VCRL","https://shopee.co.id/vcrl.id","","null","89% (hitungan jam)","2,6RB","4.6 (5,1RB penilaian)","29 bulan lalu","null","KAB. BANDUNG","50%offVCRL Sweater Pria Sablon Polos Basic Bahan Cotton Flece OriginalDiskon 50%Rp75.000 - Rp150.00010RB+ TerjualKAB. BANDUNG","https://shopee.co.id/VCRL-Sweater-Pria-Sablon-Polos-Basic-Bahan-Cotton-Flece-Original-i.282506205.8515037788?sp_atk=4dbcf6fc-793b-497b-afc4-772a1da1085b&xptdk=4dbcf6fc-793b-497b-afc4-772a1da1085b","null","null","null","null","null"
"1669259699-73","https://shopee.co.id/mall/brands/11042849","Varial","https://shopee.co.id/varialapparel.co","","242","95% (hitungan jam)","11,9RB","4.8 (2,4RB penilaian)","4 tahun lalu","null","KAB. BADUNG","18%offJAKET JEANS PRIA / TRUCKER JEANS / STONEWASH /DENIM / V TRD CONS MEDICINE BLUEDiskon Rp20RBRp430.000Rp352.60091 TerjualKAB. BADUNG","https://shopee.co.id/JAKET-JEANS-PRIA-TRUCKER-JEANS-STONEWASH-DENIM-V-TRD-CONS-MEDICINE-BLUE-i.105948078.6487864075?sp_atk=b7e4aa94-4aac-4141-95ca-c754aa020b16&xptdk=b7e4aa94-4aac-4141-95ca-c754aa020b16","null","null","null","null","null"
"1669259733-74","https://shopee.co.id/mall/brands/11042849","Vampire Dead And Revenge","https://shopee.co.id/vampiredeadandrevenge","","584","99% (hitungan jam)","57,9RB","4.8 (21,1RB penilaian)","33 bulan lalu","null","KAB. BANTUL","44%offVampire Kingdom T-shirt Short Sleeve | Gorgeo | BlackDiskon Rp2,5RBPilih 2, diskon Rp3.000Rp169.000Rp95.0001,1RB TerjualKAB. BANTUL","https://shopee.co.id/Vampire-Kingdom-T-shirt-Short-Sleeve-Gorgeo-Black-i.229008774.13814294907?sp_atk=ebeaddf6-e0ba-4d18-9ed1-868d94b796e5&xptdk=ebeaddf6-e0ba-4d18-9ed1-868d94b796e5","null","null","null","null","null"
"1669259787-75","https://shopee.co.id/mall/brands/11042849","Urbain Inc","https://shopee.co.id/urbaininc","","103","56% (hitungan jam)","77,8RB","4.8 (16,7RB penilaian)","3 tahun lalu","null","KOTA JAKARTA SELATAN","45%offUrbain Beanie/Kupluk Wool Hitam LogoPilih 2, bayar Rp100.000Rp100.000Rp55.000861 TerjualKOTA JAKARTA SELATAN","https://shopee.co.id/Urbain-Beanie-Kupluk-Wool-Hitam-Logo-i.155156587.4563253173?sp_atk=9e3d27a7-01ec-47ae-b27b-4dffd0f80c90&xptdk=9e3d27a7-01ec-47ae-b27b-4dffd0f80c90","null","null","null","null","null"
"1669259828-76","https://shopee.co.id/mall/brands/11042849","Uprise","https://shopee.co.id/uprisedenim","","89","97% (hitungan jam)","80,8RB","4.9 (7,1RB penilaian)","33 bulan lalu","null","KOTA JAKARTA UTARA","UPRISE Oversize Polo Black , White , GrayDiskon Rp15RBRp179.000103 TerjualKOTA JAKARTA UTARA","https://shopee.co.id/UPRISE-Oversize-Polo-Black-White-Gray-i.231103920.8498349348?sp_atk=7769108a-bebb-488e-9bd9-7e3c7eef403e&xptdk=7769108a-bebb-488e-9bd9-7e3c7eef403e","null","null","null","null","null"
"1669259863-77","https://shopee.co.id/mall/brands/11042849","Unxplnd","https://shopee.co.id/unxplndmarket","","null","78% (hitungan jam)","24,8RB","4.9 (5,5RB penilaian)","25 bulan lalu","null","KAB. TANGERANG","27%offUnxplnd | Beanie | Basic OG WovenRp95.000Rp69.0001,1RB TerjualKAB. TANGERANG","https://shopee.co.id/Unxplnd-Beanie-Basic-OG-Woven-i.325670631.9348232420?sp_atk=63f79d08-484a-48bf-af9b-21c69c6cf139&xptdk=63f79d08-484a-48bf-af9b-21c69c6cf139","null","null","null","null","null"
"1669259899-78","https://shopee.co.id/mall/brands/11042849","UNTCKD","https://shopee.co.id/untckd_official","","488","79% (hitungan jam)","97,1RB","4.8 (18,6RB penilaian)","7 tahun lalu","null","KOTA JAKARTA UTARA","67%offUNTCKD Quill FannypackRp150.000Rp50.000227 TerjualKOTA JAKARTA UTARA","https://shopee.co.id/UNTCKD-Quill-Fannypack-i.1304055.3414141404?sp_atk=792ba1bb-06c1-4086-b596-94ea843a42f2&xptdk=792ba1bb-06c1-4086-b596-94ea843a42f2","null","null","null","null","null"
"1669259931-79","https://shopee.co.id/mall/brands/11042849","Uno.co","https://shopee.co.id/unoco.official","","79","97% (hitungan jam)","20,8RB","4.9 (5,6RB penilaian)","36 bulan lalu","null","KOTA JAKARTA TIMUR","9%offUno.co Kemeja Formal Office Shirt lengan pendek hitam Big Size Xl-7XlCashback 3%Rp209.000 - Rp269.000153 TerjualKOTA JAKARTA TIMUR","https://shopee.co.id/Uno.co-Kemeja-Formal-Office-Shirt-lengan-pendek-hitam-Big-Size-Xl-7Xl-i.204790309.9576464727?sp_atk=b9d1b6ef-c95c-4c6e-9470-f731b0a4340e&xptdk=b9d1b6ef-c95c-4c6e-9470-f731b0a4340e","null","null","null","null","null"
"1669259962-80","https://shopee.co.id/mall/brands/11042849","UNKL347","https://shopee.co.id/unkl347official","","386","98% (hitungan jam)","133,1RB","4.8 (39,2RB penilaian)","4 tahun lalu","null","KOTA SURAKARTA (SOLO)","70%offUNKL347 T-Shirt Hitam Bahan Combed Motif Simpel BDTMRp260.000Rp78.0001,2RB TerjualKOTA SURAKARTA (SOLO)","https://shopee.co.id/UNKL347-T-Shirt-Hitam-Bahan-Combed-Motif-Simpel-BDTM-i.80732230.14790223061?sp_atk=51f639cf-dbef-457a-a688-63fc8e6fae9c&xptdk=51f639cf-dbef-457a-a688-63fc8e6fae9c","null","null","null","null","null"
"1669259992-81","https://shopee.co.id/mall/brands/11042849","Unitedhart","https://shopee.co.id/unitedhart_official","","null","74% (hitungan jam)","18,4RB","4.9 (2,9RB penilaian)","28 bulan lalu","null","KOTA BANDUNG","UH! Heavyweight Cotton 16s Pocket Tees BlackRp178.000226 TerjualKOTA BANDUNG","https://shopee.co.id/UH!-Heavyweight-Cotton-16s-Pocket-Tees-Black-i.293283681.4896740595?sp_atk=e406d13c-53d5-4d71-b14e-25467399e399&xptdk=e406d13c-53d5-4d71-b14e-25467399e399","null","null","null","null","null"
"1669260057-82","https://shopee.co.id/mall/brands/11042849","Unionwell","https://shopee.co.id/unionwelloriginal","","203","88% (hitungan jam)","14,7RB","4.9 (5,3RB penilaian)","3 tahun lalu","null","KOTA JAKARTA SELATAN","40%offUnionwell Tshirt Unionround Logo BlackRp300.000Rp180.000236 TerjualKOTA JAKARTA SELATAN","https://shopee.co.id/Unionwell-Tshirt-Unionround-Logo-Black-i.168583478.11156284810?sp_atk=cb93efc9-67ae-46c5-9042-28c9fd7ee3ea&xptdk=cb93efc9-67ae-46c5-9042-28c9fd7ee3ea","null","null","null","null","null"
"1669260111-83","https://shopee.co.id/mall/brands/11042849","Underage","https://shopee.co.id/underage.indonesia","","167","89% (hitungan jam)","10,4RB","4.9 (4,7RB penilaian)","3 tahun lalu","null","KOTA BANDUNG","54%offUnderage T-Shirt wild and free long sleve black streetwear | kaos motorDiskon Rp10RBMurah LebayRp138.600 - Rp163.350715 TerjualKOTA BANDUNG","https://shopee.co.id/Underage-T-Shirt-wild-and-free-long-sleve-black-streetwear-kaos-motor-i.199857305.4456360290?sp_atk=44968ee9-7822-43b2-920a-d1d0e9888697&xptdk=44968ee9-7822-43b2-920a-d1d0e9888697","null","null","null","null","null"
"1669260153-84","https://shopee.co.id/mall/brands/11042849","UK Unicloth Kingdom","https://shopee.co.id/uniclothkingdom","","79","62% (hitungan jam)","362","4.8 (128 penilaian)","19 bulan lalu","null","KOTA BANDUNG","50%offUK Unicloth Kingdom Tshirt Basic / Kaos Polos 24s / Kaos Polos Tanpa Jahitan SampingGrosirRp86.000Rp43.000152 TerjualKOTA BANDUNG","https://shopee.co.id/UK-Unicloth-Kingdom-Tshirt-Basic-Kaos-Polos-24s-Kaos-Polos-Tanpa-Jahitan-Samping-i.421704542.8488957170?sp_atk=a66f95c6-8137-49c6-96eb-f78bcd46f2ca&xptdk=a66f95c6-8137-49c6-96eb-f78bcd46f2ca","null","null","null","null","null"
"1669260181-85","https://shopee.co.id/mall/brands/11042849","UC&CO.","https://shopee.co.id/ucandcocanggu","","null","6%","384","4.9 (80 penilaian)","31 bulan lalu","null","KAB. BADUNG","UC&CO. Six Panel Cap Rest In ParadiseRp245.000 - Rp270.0004 TerjualKAB. BADUNG","https://shopee.co.id/UC-CO.-Six-Panel-Cap-Rest-In-Paradise-i.244561474.5929242914?sp_atk=49d5ec8f-3cf5-45d9-a64b-1cfa47a0be77&xptdk=49d5ec8f-3cf5-45d9-a64b-1cfa47a0be77","null","null","null","null","null"
"1669260206-86","https://shopee.co.id/mall/brands/11042849","U8","https://shopee.co.id/u8clothing","","null","68% (hitungan jam)","783","4.7 (184 penilaian)","29 bulan lalu","null","KOTA SURABAYA","60%offU8 Kemeja Motif Kirkless Navy Grey Modern Tribal KIRKLESS 1019-01Rp359.000Rp143.6003 TerjualKOTA SURABAYA","https://shopee.co.id/U8-Kemeja-Motif-Kirkless-Navy-Grey-Modern-Tribal-KIRKLESS-1019-01-i.283006103.7565395407?sp_atk=996499a9-448c-43d2-b23b-f940de8a3c53&xptdk=996499a9-448c-43d2-b23b-f940de8a3c53","null","null","null","null","null"
"1669260236-87","https://shopee.co.id/mall/brands/11042849","Twohead","https://shopee.co.id/twohead.official","","null","83% (hitungan jam)","19,6RB","4.8 (6,3RB penilaian)","24 bulan lalu","null","KAB. BANDUNG","59%offTwohead tshirt Depression WhiteDiskon Rp2,5RBRp180.000Rp73.8001,1RB TerjualKAB. BANDUNG","https://shopee.co.id/Twohead-tshirt-Depression-White-i.346059716.9528689078?sp_atk=200e1778-1cad-4068-9fd3-3f9ebd298eca&xptdk=200e1778-1cad-4068-9fd3-3f9ebd298eca","null","null","null","null","null"
"1669260284-88","https://shopee.co.id/mall/brands/11042849","Twinfit","https://shopee.co.id/twinfit_official","","null","100% (hitungan jam)","10,9RB","4.8 (2,1RB penilaian)","5 tahun lalu","null","KOTA BANDUNG","50%offTwinfit Basic Polo ShirtPilih 3, bayar Rp250.000Rp209.000Rp104.0001,2RB TerjualKOTA BANDUNG","https://shopee.co.id/Twinfit-Basic-Polo-Shirt-i.33873300.5849880509?sp_atk=d3958f13-991c-4c84-83fc-3261d7775f2a&xptdk=d3958f13-991c-4c84-83fc-3261d7775f2a","null","null","null","null","null"
"1669260317-89","https://shopee.co.id/mall/brands/11042849","Tvck","https://shopee.co.id/tvck_cons","","333","83% (hitungan jam)","17,2RB","4.9 (1,6RB penilaian)","3 tahun lalu","null","KOTA BANDUNG","25%offTvck Sling Bag Haqiba BlackRp155.000Rp116.250131 TerjualKOTA BANDUNG","https://shopee.co.id/Tvck-Sling-Bag-Haqiba-Black-i.158273238.5215538075?sp_atk=8deb592a-f2bd-4247-a962-f05bea4d68d0&xptdk=8deb592a-f2bd-4247-a962-f05bea4d68d0","null","null","null","null","null"
"1669260351-90","https://shopee.co.id/mall/brands/11042849","Tshirttokoh","https://shopee.co.id/tshirttokoh","","1,1RB","97% (hitungan jam)","67RB","4.8 (57,5RB penilaian)","6 tahun lalu","null","KOTA SURAKARTA (SOLO)","Tshirttokoh -  Kaos Panjang Umur Hal Baik - Cerita Baik HitamRp120.000 - Rp140.0002,7RB TerjualKOTA SURAKARTA (SOLO)","https://shopee.co.id/Tshirttokoh-Kaos-Panjang-Umur-Hal-Baik-Cerita-Baik-Hitam-i.8350587.3327648684?sp_atk=6ddf7842-2d20-405e-9a68-a30c147ef866&xptdk=6ddf7842-2d20-405e-9a68-a30c147ef866","null","null","null","null","null"
"1669260379-91","https://shopee.co.id/mall/brands/11042849","Trust Denim","https://shopee.co.id/trustdenimofficial","","null","68% (hitungan jam)","13RB","4.9 (3,6RB penilaian)","4 tahun lalu","null","KAB. BANDUNG","57%offTRUST DENIM Black Rainbow 505 Celana Denim selvedge accent  - Black Denim OriginalRp420.000Rp179.999388 TerjualKAB. BANDUNG","https://shopee.co.id/TRUST-DENIM-Black-Rainbow-505-Celana-Denim-selvedge-accent-Black-Denim-Original-i.79588850.2107775561?sp_atk=30dcc66a-7d94-4ca1-b5c1-4c2d8fb619ef&xptdk=30dcc66a-7d94-4ca1-b5c1-4c2d8fb619ef","null","null","null","null","null"
"1669260408-92","https://shopee.co.id/mall/brands/11042849","Troy.","https://shopee.co.id/troycompany","","null","97% (hitungan jam)","93,9RB","4.8 (43,3RB penilaian)","4 tahun lalu","null","KAB. SLEMAN","Troy Company Gelang Tangan Black GL 106Rp10.0007,2RB TerjualKAB. SLEMAN","https://shopee.co.id/Troy-Company-Gelang-Tangan-Black-GL-106-i.132593038.4131694080?sp_atk=a9260c07-6be3-47fd-b249-b226d3abb2c5&xptdk=a9260c07-6be3-47fd-b249-b226d3abb2c5","null","null","null","null","null"
"1669260470-93","https://shopee.co.id/mall/brands/11042849","Troveast","https://shopee.co.id/troveast","","90","84% (hitungan jam)","256RB","4.6 (215,6RB penilaian)","6 tahun lalu","null","KOTA TANGERANG","44%offTroveast Jaket Outdoor WaterproofDiskon Rp20RBMurah LebayRp300.000Rp169.00010RB+ TerjualKOTA TANGERANG","https://shopee.co.id/Troveast-Jaket-Outdoor-Waterproof-i.7791565.41661639?sp_atk=9528d4d2-2bc3-44c7-a060-eb24243b24c9&xptdk=9528d4d2-2bc3-44c7-a060-eb24243b24c9","null","null","null","null","null"
"1669260514-94","https://shopee.co.id/mall/brands/11042849","Trousary","https://shopee.co.id/trousaryofficial","","43","100% (hitungan menit)","3,6RB","4.8 (4,9RB penilaian)","3 tahun lalu","null","KAB. BANDUNG","39%offTrousary Sweater  Hoodie Zipper / Sleting Original Size S M L XL XXLDiskon 50%Rp85.000 - Rp130.0001,1RB TerjualKAB. BANDUNG","https://shopee.co.id/Trousary-Sweater-Hoodie-Zipper-Sleting-Original-Size-S-M-L-XL-XXL-i.180630585.5372680447?sp_atk=01826a98-3b56-4278-a6e3-f493b1349d14&xptdk=01826a98-3b56-4278-a6e3-f493b1349d14","null","null","null","null","null"
"1669260545-95","https://shopee.co.id/mall/brands/11042849","Trondheim","https://shopee.co.id/trondheimoriginal","","175","96% (hitungan jam)","19,4RB","4.8 (26,9RB penilaian)","4 tahun lalu","null","KOTA CIMAHI","74%offTrondheim Celana Jeans Slim Fit PriaRp120.000 - Rp139.0005,7RB TerjualKOTA CIMAHI","https://shopee.co.id/Trondheim-Celana-Jeans-Slim-Fit-Pria-i.119232628.2200142141?sp_atk=6e77797a-98db-4f68-ba79-a7f779fbab12&xptdk=6e77797a-98db-4f68-ba79-a7f779fbab12","null","null","null","null","null"
"1669260580-96","https://shopee.co.id/mall/brands/11042849","Triple","https://shopee.co.id/triplejeans","","462","83% (hitungan jam)","30,6RB","4.8 (12,4RB penilaian)","3 tahun lalu","null","KOTA SURABAYA","60%offTRIPLE Ladies Celana Jeans Stretch Slim Fit (94 777 GW)Diskon Rp7RBRp425.000Rp170.000696 TerjualKOTA SURABAYA","https://shopee.co.id/TRIPLE-Ladies-Celana-Jeans-Stretch-Slim-Fit-(94-777-GW)-i.175328065.6419139281?sp_atk=c7d58a00-b2db-4db9-a259-9817892bd799&xptdk=c7d58a00-b2db-4db9-a259-9817892bd799","null","null","null","null","null"
"1669260615-97","https://shopee.co.id/mall/brands/11042849","trepel","https://shopee.co.id/trepel.co","","38","78% (hitungan jam)","647","4.8 (424 penilaian)","7 bulan lalu","null","KOTA BANDUNG","27%offTrepel.Co Celana Cargo Pendek Warna Abu Muda Free Gantungan KunciDiskon Rp2RBPilih 3, diskon Rp5.000Rp124.700 - Rp175.000222 TerjualKOTA BANDUNG","https://shopee.co.id/Trepel.Co-Celana-Cargo-Pendek-Warna-Abu-Muda-Free-Gantungan-Kunci-i.754871962.19724584257?sp_atk=8a71820a-6299-4c11-98d3-8f399535351f&xptdk=8a71820a-6299-4c11-98d3-8f399535351f","null","null","null","null","null"
"1669260646-98","https://shopee.co.id/mall/brands/11042849","Tozicozy","https://shopee.co.id/tozicozy","","null","98% (hitungan jam)","23,8RB","4.8 (8,3RB penilaian)","4 tahun lalu","null","KAB. BANDUNG","Tozicozy Zein Tas Sling Bag Pria Warna Hitam Waterproof Bahan BimoDiskon 50%Hadiah GratisRp159.000349 TerjualKAB. BANDUNG","https://shopee.co.id/Tozicozy-Zein-Tas-Sling-Bag-Pria-Warna-Hitam-Waterproof-Bahan-Bimo-i.130851767.7894154586?sp_atk=cc880e4b-a76d-4007-b6cc-b7c55f6d2097&xptdk=cc880e4b-a76d-4007-b6cc-b7c55f6d2097","null","null","null","null","null"
"1669260673-99","https://shopee.co.id/mall/brands/11042849","TOPTEN","https://shopee.co.id/toptenofficial","","null","88% (hitungan jam)","11,9RB","4.7 (1,9RB penilaian)","4 tahun lalu","null","KOTA SURABAYA","49%offTOPTEN Celana Dalam Pria Boxer Premium Topten SportDiskon 10%Rp99.000Rp49.999687 TerjualKOTA SURABAYA","https://shopee.co.id/TOPTEN-Celana-Dalam-Pria-Boxer-Premium-Topten-Sport-i.96058796.6010357260?sp_atk=73419829-5f46-4357-9fc0-45c91029d450&xptdk=73419829-5f46-4357-9fc0-45c91029d450","null","null","null","null","null"
"1669260708-100","https://shopee.co.id/mall/brands/11042849","TopOne88","https://shopee.co.id/topone88","","293","98% (hitungan jam)","105RB","4.7 (150,9RB penilaian)","6 tahun lalu","null","KOTA JAKARTA BARAT","40%offTopone88 Jaket Royal Hoodie Zipper Anak Laki Perempuan UnisexMurah LebayRp100.000Rp60.00010RB+ TerjualKOTA JAKARTA BARAT","https://shopee.co.id/Topone88-Jaket-Royal-Hoodie-Zipper-Anak-Laki-Perempuan-Unisex-i.19222953.784901261?sp_atk=f664389c-25d1-462a-9b79-75096a3b5dcf&xptdk=f664389c-25d1-462a-9b79-75096a3b5dcf","null","null","null","null","null"
"1669260755-101","https://shopee.co.id/mall/brands/11042849","Tootsie","https://shopee.co.id/tootsie.official","","61","87% (hitungan jam)","3,9RB","4.9 (777 penilaian)","8 bulan lalu","null","KOTA BANDUNG","TOOTSIE - Caen T-Shirt -  AdultRp169.900242 TerjualKOTA BANDUNG","https://shopee.co.id/TOOTSIE-Caen-T-Shirt-Adult-i.737806720.17560654763?sp_atk=bf6a45da-df2c-4244-86e1-f3f14a84ac7c&xptdk=bf6a45da-df2c-4244-86e1-f3f14a84ac7c","null","null","null","null","null"
"1669260787-102","https://shopee.co.id/mall/brands/11042849","Tootal Underwear","https://shopee.co.id/tootal.official","","24","26% (hitungan jam)","294","4.9 (255 penilaian)","24 bulan lalu","null","KOTA TANGERANG SELATAN","Tootal Celana Dalam Pria Mini Brief 3 Warna / pack - TTOB03M3CRp89.90030 TerjualKOTA TANGERANG SELATAN","https://shopee.co.id/Tootal-Celana-Dalam-Pria-Mini-Brief-3-Warna-pack-TTOB03M3C-i.338429743.5567484831?sp_atk=80cbc42a-f16f-47b6-998c-0d6350138b95&xptdk=80cbc42a-f16f-47b6-998c-0d6350138b95","null","null","null","null","null"
"1669260813-103","https://shopee.co.id/mall/brands/11042849","Tootal","https://shopee.co.id/tootal","","null","62% (hitungan menit)","534","4.9 (197 penilaian)","5 tahun lalu","null","KOTA JAKARTA TIMUR","50%offTootal Kemeja Pria Lengan Panjang Stripe 272 BlueDiskon 50%Rp688.000Rp344.00012 TerjualKOTA JAKARTA TIMUR","https://shopee.co.id/Tootal-Kemeja-Pria-Lengan-Panjang-Stripe-272-Blue-i.39412025.7941584422?sp_atk=10512a2f-3bc4-4871-9251-4a7ee561cafc&xptdk=10512a2f-3bc4-4871-9251-4a7ee561cafc","null","null","null","null","null"
"1669260844-104","https://shopee.co.id/mall/brands/11042849","TOMS PROJECT","https://shopee.co.id/tomsproject.id","","null","91% (hitungan jam)","39RB","4.8 (12RB penilaian)","5 tahun lalu","null","KOTA BANDUNG","63%offToms Project Tshirt Saint Muerte - Kaos PriaPilih 3, bayar Rp195.000Rp185.000Rp69.0002,8RB TerjualKOTA BANDUNG","https://shopee.co.id/Toms-Project-Tshirt-Saint-Muerte-Kaos-Pria-i.55255133.3297105846?sp_atk=f35e3c60-0de4-45e2-b5e8-8357dbcb4753&xptdk=f35e3c60-0de4-45e2-b5e8-8357dbcb4753","null","null","null","null","null"
"1669260873-105","https://shopee.co.id/mall/brands/11042849","Tommy Hilfinger","https://shopee.co.id/tommyhilfigerofficial","","159","100% (hitungan menit)","17,9RB","4.8 (197 penilaian)","24 bulan lalu","null","KAB. BOGOR","30%offTommy Hilfiger - REGULAR FIT TOMMY TIPPED POLO 4 - NAVYDiskon Rp15RBRp1.390.000Rp973.0004 TerjualKAB. BOGOR","https://shopee.co.id/Tommy-Hilfiger-REGULAR-FIT-TOMMY-TIPPED-POLO-4-NAVY-i.338434182.21849514538?sp_atk=88eff6cd-c922-4f50-8277-4146f71b747a&xptdk=88eff6cd-c922-4f50-8277-4146f71b747a","null","null","null","null","null"
"1669260899-106","https://shopee.co.id/mall/brands/11042849","Tokocrypto","https://shopee.co.id/tokocrypto_official","","null","47%","43","5.0 (4 penilaian)","11 bulan lalu","null","KOTA JAKARTA SELATAN","Tokocrypto - Astronauts Skate Black - Size MRp180.0002 TerjualKOTA JAKARTA SELATAN","https://shopee.co.id/Tokocrypto-Astronauts-Skate-Black-Size-M-i.637852336.19844837626?sp_atk=fbb284a1-b99d-45ee-a880-837f5e62290c&xptdk=fbb284a1-b99d-45ee-a880-837f5e62290c","null","null","null","null","null"
"1669260926-107","https://shopee.co.id/mall/brands/11042849","TNGR","https://shopee.co.id/tngrdeadly","","null","77% (hitungan jam)","28,4RB","4.8 (9,6RB penilaian)","5 tahun lalu","null","KAB. SLEMAN","55%offTNGR Deadly T-Shirt ZHOCX Blue TeesDiskon Rp7,77RBRp165.000Rp75.000212 TerjualKAB. SLEMAN","https://shopee.co.id/TNGR-Deadly-T-Shirt-ZHOCX-Blue-Tees-i.38323773.8642501922?sp_atk=ad4d45e9-4db3-4b7f-a510-959e14a51321&xptdk=ad4d45e9-4db3-4b7f-a510-959e14a51321","null","null","null","null","null"
"1669260954-108","https://shopee.co.id/mall/brands/11042849","Tizzly","https://shopee.co.id/tizzly.co","","null","87% (hitungan jam)","3,9RB","4.8 (2RB penilaian)","29 bulan lalu","null","KOTA CIMAHI","35%offTizzly Avernus Varian2Rp187.850 - Rp203.550396 TerjualKOTA CIMAHI","https://shopee.co.id/Tizzly-Avernus-Varian2-i.279384362.3260542535?sp_atk=e4a8641e-1116-450a-8d7a-a33f40aa1002&xptdk=e4a8641e-1116-450a-8d7a-a33f40aa1002","null","null","null","null","null"
"1669260986-109","https://shopee.co.id/mall/brands/11042849","Tirajeans","https://shopee.co.id/tirajeansofficial","","439","65% (hitungan jam)","31,7RB","4.8 (8,5RB penilaian)","5 tahun lalu","null","KOTA BEKASI","25%offTirajeans T-Shirts L/S TTL205K40004S21 BlackDiskon Rp20RBRp179.900Rp134.925226 TerjualKOTA BEKASI","https://shopee.co.id/Tirajeans-T-Shirts-L-S-TTL205K40004S21-Black-i.55934463.8148573584?sp_atk=1716b94e-1d20-4c86-8ad0-0a3527fcf57b&xptdk=1716b94e-1d20-4c86-8ad0-0a3527fcf57b","null","null","null","null","null"
"1669261015-110","https://shopee.co.id/mall/brands/11042849","TIMONOSD","https://shopee.co.id/timonosd.co","","313","58% (hitungan jam)","60,5RB","4.7 (18,5RB penilaian)","5 tahun lalu","null","KOTA TANGERANG SELATAN","Timonosd Crewneck Tmnsd “Had “Rp210.000544 TerjualKOTA TANGERANG SELATAN","https://shopee.co.id/Timonosd-Crewneck-Tmnsd-%E2%80%9CHad-%E2%80%9C-i.51123839.3841831780?sp_atk=d77bf5cc-77a8-4ebf-bb00-15e330324f92&xptdk=d77bf5cc-77a8-4ebf-bb00-15e330324f92","null","null","null","null","null"
"1669261044-111","https://shopee.co.id/mall/brands/11042849","Timberland","https://shopee.co.id/timberlandofficial","","897","100% (hitungan jam)","32RB","4.9 (1,6RB penilaian)","32 bulan lalu","null","KOTA TANGERANG SELATAN","Timberland Women 6In Prem Boot Wheat Nubuck-TB010361713Diskon Rp25RBRp3.790.00016 TerjualKOTA TANGERANG SELATAN","https://shopee.co.id/Timberland-Women-6In-Prem-Boot-Wheat-Nubuck-TB010361713-i.240533996.7638556753?sp_atk=6e86ec76-5a7a-46f7-aa55-a1c7987aeabe&xptdk=6e86ec76-5a7a-46f7-aa55-a1c7987aeabe","null","null","null","null","null"
"1669261075-112","https://shopee.co.id/mall/brands/11042849","Tightless","https://shopee.co.id/tightless","","null","57%","341","4.7 (35 penilaian)","23 bulan lalu","null","KOTA BANDUNG","62%offTightless Sweater Pullover Hoodie LethargyRp449.000Rp169.0008 TerjualKOTA BANDUNG","https://shopee.co.id/Tightless-Sweater-Pullover-Hoodie-Lethargy-i.362960731.3483261058?sp_atk=7f954f6c-d856-4c61-9c77-78cbd3d28303&xptdk=7f954f6c-d856-4c61-9c77-78cbd3d28303","null","null","null","null","null"
"1669261107-113","https://shopee.co.id/mall/brands/11042849","Throox","https://shopee.co.id/throoxoriginal","","378","97% (hitungan jam)","146,3RB","4.8 (48,4RB penilaian)","4 tahun lalu","null","KAB. SUKOHARJO","49%offThroox T-Shirt kaos hitam ||THRX Good Smilow BlackDiskon Rp5RBPilih 3, bayar Rp250.000Rp175.000Rp89.0001,6RB TerjualKAB. SUKOHARJO","https://shopee.co.id/Throox-T-Shirt-kaos-hitam-THRX-Good-Smilow-Black-i.118571446.7526533289?sp_atk=68f7d938-81a6-44b0-80d8-f6d10f3edd1f&xptdk=68f7d938-81a6-44b0-80d8-f6d10f3edd1f","null","null","null","null","null"
"1669261152-114","https://shopee.co.id/mall/brands/11042849","Thistimebrand","https://shopee.co.id/thistimebrand","","1,2RB","93% (hitungan jam)","83,7RB","4.7 (24,1RB penilaian)","4 tahun lalu","null","KOTA BEKASI","This Time Brand Paket Hemat Murah Meriah , Geser Ke KananDiskon Rp1RBKombo HematRp200.000600 TerjualKOTA BEKASI","https://shopee.co.id/This-Time-Brand-Paket-Hemat-Murah-Meriah-Geser-Ke-Kanan-i.86409600.6045631676?sp_atk=279e94e7-d61b-4850-9067-fdb7f1c0a89b&xptdk=279e94e7-d61b-4850-9067-fdb7f1c0a89b","null","null","null","null","null"
"1669261184-115","https://shopee.co.id/mall/brands/11042849","This is April","https://shopee.co.id/thisisapril","","null","99% (hitungan jam)","755,9RB","4.9 (108,5RB penilaian)","5 tahun lalu","null","KOTA JAKARTA UTARA","This Is April Taya Pants Celana Jeans Wanita Light Denim 281814Diskon Rp10RBRp259.0001,2RB TerjualKOTA JAKARTA UTARA","https://shopee.co.id/This-Is-April-Taya-Pants-Celana-Jeans-Wanita-Light-Denim-281814-i.60731464.4235233138?sp_atk=129a0e8b-d305-4986-b7b5-faa5ce814712&xptdk=129a0e8b-d305-4986-b7b5-faa5ce814712","null","null","null","null","null"
"1669261216-116","https://shopee.co.id/mall/brands/11042849","The Slank Store","https://shopee.co.id/theslankstore","","null","75% (hitungan jam)","19,8RB","4.9 (11,2RB penilaian)","5 tahun lalu","null","KOTA JAKARTA SELATAN","Vaksin Slank Vol.24Rp100.000778 TerjualKOTA JAKARTA SELATAN","https://shopee.co.id/Vaksin-Slank-Vol.24-i.69584395.4676992447?sp_atk=db457535-9cba-4979-9b33-e587d6760409&xptdk=db457535-9cba-4979-9b33-e587d6760409","null","null","null","null","null"
"1669261263-117","https://shopee.co.id/mall/brands/11042849","The Monseur Gallery","https://shopee.co.id/themonseurgallery","","719","100% (hitungan menit)","32,9RB","4.7 (4,7RB penilaian)","4 bulan lalu","null","KOTA SURABAYA","50%offThe Monseur Gallery T-shirt Oversize Blue Heart | Kaos HitamDiskon Rp8RBPilih 2, diskon Rp2.000Rp130.000Rp65.000778 TerjualKOTA SURABAYA","https://shopee.co.id/The-Monseur-Gallery-T-shirt-Oversize-Blue-Heart-Kaos-Hitam-i.836627177.20342770371?sp_atk=8ff972ad-f81e-415b-bcba-12ea7ecb0be8&xptdk=8ff972ad-f81e-415b-bcba-12ea7ecb0be8","null","null","null","null","null"
"1669261295-118","https://shopee.co.id/mall/brands/11042849","The Goods Dept","https://shopee.co.id/thegoodsdeptofficial","","null","79% (hitungan jam)","70,6RB","4.9 (13,6RB penilaian)","35 bulan lalu","null","KAB. TANGERANG","The Goods Dept - Totebag Jakarta CreamDiskon Rp10RBRp169.0001,4RB TerjualKAB. TANGERANG","https://shopee.co.id/The-Goods-Dept-Totebag-Jakarta-Cream-i.217272417.5514381651?sp_atk=16f11eb1-59a8-43eb-8a8b-f4d01e8519bd&xptdk=16f11eb1-59a8-43eb-8a8b-f4d01e8519bd","null","null","null","null","null"
"1669261329-119","https://shopee.co.id/mall/brands/11042849","The Don's House","https://shopee.co.id/thedonshouse","","null","99% (hitungan jam)","87RB","4.8 (38,7RB penilaian)","4 tahun lalu","null","KOTA BANDAR LAMPUNG","27%offCelana Jeans / Denim Raw Shellstitch 15 OZ - Camden BL WH Tobacco  Arteesan ThedonshouseRp395.000Rp289.9001,2RB TerjualKOTA BANDAR LAMPUNG","https://shopee.co.id/Celana-Jeans-Denim-Raw-Shellstitch-15-OZ-Camden-BL-WH-Tobacco-Arteesan-Thedonshouse-i.87810418.6532398335?sp_atk=9836d15a-2104-4d14-a876-e8ba66ec341d&xptdk=9836d15a-2104-4d14-a876-e8ba66ec341d","null","null","null","null","null"
"1669261370-120","https://shopee.co.id/mall/brands/11042849","The Dexter.Inv","https://shopee.co.id/thedexterinv","","65","50% (hitungan jam)","941","4.8 (322 penilaian)","16 bulan lalu","null","KOTA BANDUNG","50%offDexter Coach Jacket Tomoe Gozen Black DXTR00055Diskon Rp5RBRp175.000 - Rp350.00023 TerjualKOTA BANDUNG","https://shopee.co.id/Dexter-Coach-Jacket-Tomoe-Gozen-Black-DXTR00055-i.490886868.10859170570?sp_atk=2af3f834-dde2-4d56-9999-fca5d8392e88&xptdk=2af3f834-dde2-4d56-9999-fca5d8392e88","null","null","null","null","null"
"1669261397-121","https://shopee.co.id/mall/brands/11042849","Thankinsomnia","https://shopee.co.id/thanksinsomniastore","","null","79% (hitungan jam)","350,3RB","4.8 (267,1RB penilaian)","4 tahun lalu","null","KOTA TANGERANG SELATAN","70%offRing (Eden) SilverRp100.000Rp30.0005,5RB TerjualKOTA TANGERANG SELATAN","https://shopee.co.id/Ring-(Eden)-Silver-i.105016838.12321562407?sp_atk=b732e1f8-dd2b-4873-a9a7-96b439435d83&xptdk=b732e1f8-dd2b-4873-a9a7-96b439435d83","null","null","null","null","null"
"1669261426-122","https://shopee.co.id/mall/brands/11042849","terasrumahmu","https://shopee.co.id/terasrumahmu.official","","208","21% (hitungan jam)","null","8,3RB","4.9 (489 penilaian)","null","KAB. SLEMAN","terasrumahmu - Kaus Baju kerjaRp129.000 - Rp179.00058 TerjualKAB. SLEMAN","https://shopee.co.id/terasrumahmu-Kaus-Baju-kerja-i.336374556.8253656423?sp_atk=7b423f70-7663-461e-b593-bee4239b4aea&xptdk=7b423f70-7663-461e-b593-bee4239b4aea","null","null","null","null","null"
"1669261454-123","https://shopee.co.id/mall/brands/11042849","Tenun Eboon","https://shopee.co.id/tenuneboon","","59","32% (hitungan jam)","343","5.0 (3 penilaian)","6 tahun lalu","null","KOTA BEKASI","Tenun eBoon Kemeja Tenun Ikat Lengan Panjang Magenta HitamRp1.799.0001 TerjualKOTA BEKASI","https://shopee.co.id/Tenun-eBoon-Kemeja-Tenun-Ikat-Lengan-Panjang-Magenta-Hitam-i.7495530.4567681282?sp_atk=4a46bca6-f641-4e4d-b167-78241ff20d6b&xptdk=4a46bca6-f641-4e4d-b167-78241ff20d6b","null","null","null","null","null"
"1669261488-124","https://shopee.co.id/mall/brands/11042849","Tenue De Attire","https://shopee.co.id/tenuedeattire","","509","76% (hitungan jam)","40,4RB","4.8 (13,7RB penilaian)","28 bulan lalu","null","KOTA JAKARTA SELATAN","45%offKemeja Tenue de Attire - City Camp Collar Shirt Premium Linen Black Short SleeveDiskon Rp20RBRp339.000Rp184.999153 TerjualKOTA JAKARTA SELATAN","https://shopee.co.id/Kemeja-Tenue-de-Attire-City-Camp-Collar-Shirt-Premium-Linen-Black-Short-Sleeve-i.285709973.16987219656?sp_atk=30a4c5c6-aa9c-4405-9139-19ddd3585c15&xptdk=30a4c5c6-aa9c-4405-9139-19ddd3585c15","null","null","null","null","null"
"1669261518-125","https://shopee.co.id/mall/brands/11042849","Tendencies","https://shopee.co.id/tendencies.id","","null","100% (hitungan jam)","134RB","4.8 (68,4RB penilaian)","5 tahun lalu","null","KOTA JAKARTA SELATAN","65%offTendencies Tndcs Solid BeltDiskon 50%Hadiah GratisRp100.000Rp35.00010RB+ TerjualKOTA JAKARTA SELATAN","https://shopee.co.id/Tendencies-Tndcs-Solid-Belt-i.23699131.2994950606?sp_atk=8eb1997e-bccd-4ed7-a468-0b912a5ec8dc&xptdk=8eb1997e-bccd-4ed7-a468-0b912a5ec8dc","null","null","null","null","null"
"1669261553-126","https://shopee.co.id/mall/brands/11042849","Teenage Werewolf","https://shopee.co.id/teenagewerewolf","","67","89% (hitungan jam)","4,8RB","4.8 (489 penilaian)","14 bulan lalu","null","KOTA BANDUNG","42%offTeenage Werewolf Tshirt Kaos Lengan Panjang Find BlackDiskon Rp10RBPilih 2, diskon Rp10.000Rp209.000Rp121.22022 TerjualKOTA BANDUNG","https://shopee.co.id/Teenage-Werewolf-Tshirt-Kaos-Lengan-Panjang-Find-Black-i.537320260.12933015925?sp_atk=e5d2a097-d6fe-4eac-bf51-a69da01a20fe&xptdk=e5d2a097-d6fe-4eac-bf51-a69da01a20fe","null","null","null","null","null"
"1669261585-127","https://shopee.co.id/mall/brands/11042849","Tangkelek","https://shopee.co.id/kadai.tangkelek","","666","95% (hitungan jam)","6RB","4.8 (3,6RB penilaian)","31 bulan lalu","null","KAB. AGAM","Tangkelek Baju Kaos Big Size Aden Minang Warna MerahRp115.00033 TerjualKAB. AGAM","https://shopee.co.id/Tangkelek-Baju-Kaos-Big-Size-Aden-Minang-Warna-Merah-i.253533744.7833722211?sp_atk=7c3657bb-9989-4d38-b405-f494d08ed813&xptdk=7c3657bb-9989-4d38-b405-f494d08ed813","null","null","null","null","null"
"1669261618-128","https://shopee.co.id/mall/brands/11042849","TAGS","https://shopee.co.id/tagsindonesia","","null","96% (hitungan jam)","1,8RB","4.9 (644 penilaian)","3 tahun lalu","null","KOTA JAKARTA TIMUR","43%offTAGS - Sandal BodrexRp39.500Rp22.500813 TerjualKOTA JAKARTA TIMUR","https://shopee.co.id/TAGS-Sandal-Bodrex-i.175696151.4269744447?sp_atk=f209eac1-9a28-42f6-b667-886e93d35a7d&xptdk=f209eac1-9a28-42f6-b667-886e93d35a7d","null","null","null","null","null"
"1669261644-129","https://shopee.co.id/mall/brands/11042849","TAFT","https://shopee.co.id/taftunderwear","","42","81% (hitungan jam)","224","4.8 (154 penilaian)","22 bulan lalu","null","KOTA JAKARTA BARAT","2%offTaft - 2pcs Celana Dalam Pria Boxer Pendek CD Cowok Karet Besar TM 5212 ADiskon Rp5RBRp72.500Rp71.05056 TerjualKOTA JAKARTA BARAT","https://shopee.co.id/Taft-2pcs-Celana-Dalam-Pria-Boxer-Pendek-CD-Cowok-Karet-Besar-TM-5212-A-i.383719006.9317224483?sp_atk=1f04e6d6-0f06-4850-994e-dcf40048a2c7&xptdk=1f04e6d6-0f06-4850-994e-dcf40048a2c7","null","null","null","null","null"
"1669261680-130","https://shopee.co.id/mall/brands/11042849","T-Kaos","https://shopee.co.id/tkaos.id","","54","75% (hitungan jam)","4,2RB","4.8 (2,3RB penilaian)","32 bulan lalu","null","KOTA JAKARTA SELATAN","Kaos Polos Cotton Combed 30s | SMALL SIZEDiskon Rp10RBRp99.000549 TerjualKOTA JAKARTA SELATAN","https://shopee.co.id/Kaos-Polos-Cotton-Combed-30s-SMALL-SIZE-i.236433285.11002982711?sp_atk=2c415124-b38c-4a36-8162-8cc2e36bc6d5&xptdk=2c415124-b38c-4a36-8162-8cc2e36bc6d5","null","null","null","null","null"
"1669261740-131","https://shopee.co.id/mall/brands/11042849","Symposia!","https://shopee.co.id/symposia_store","","445","97% (hitungan jam)","69,3RB","4.8 (40,3RB penilaian)","31 bulan lalu","null","KAB. BANDUNG","47%offSymposia! - Tshrit Longsleeve - Symps - BlackPilih 3, bayar Rp249.000Rp160.000Rp85.0001,1RB TerjualKAB. BANDUNG","https://shopee.co.id/Symposia!-Tshrit-Longsleeve-Symps-Black-i.244530371.9911175745?sp_atk=85670ef4-fcd1-4b8b-9154-51c3d87765ee&xptdk=85670ef4-fcd1-4b8b-9154-51c3d87765ee","null","null","null","null","null"
"1669261798-132","https://shopee.co.id/mall/brands/11042849","SYMPLE.CO","https://shopee.co.id/symple.co","","null","81% (hitungan jam)","14,5RB","4.7 (8,3RB penilaian)","3 tahun lalu","null","KAB. BANDUNG","SYMPLE.CO - Cargo Pants Pria / Celana Cargo Panjang Pria Standard Hijau ArmyDiskon Rp5RBRp135.000 - Rp150.0006,6RB TerjualKAB. BANDUNG","https://shopee.co.id/SYMPLE.CO-Cargo-Pants-Pria-Celana-Cargo-Panjang-Pria-Standard-Hijau-Army-i.197248649.7846116802?sp_atk=2ac48af7-2fdb-4e35-a56f-d90a9da24a40&xptdk=2ac48af7-2fdb-4e35-a56f-d90a9da24a40","null","null","null","null","null"
"1669261839-133","https://shopee.co.id/mall/brands/11042849","SWEATERPOLOS.ID","https://shopee.co.id/sweaterpolosid","","399","99% (hitungan menit)","1,7JT","4.8 (905,8RB penilaian)","5 tahun lalu","null","KAB. TANGERANG","53%offSWEPO  Basic Sweater Polos Size M - XXL( Pria & Wanita )Pilih 2, diskon 3%Rp48.900 - Rp74.90010RB+ TerjualKAB. TANGERANG","https://shopee.co.id/SWEPO-Basic-Sweater-Polos-Size-M-XXL(-Pria-Wanita-)-i.56474103.1818590636?sp_atk=8b7ce20f-2fb4-4ad9-aa08-8c293d4effcf&xptdk=8b7ce20f-2fb4-4ad9-aa08-8c293d4effcf","null","null","null","null","null"
"1669261872-134","https://shopee.co.id/mall/brands/11042849","Svrplvs Studio","https://shopee.co.id/srplsstd","","null","94% (hitungan jam)","8,3RB","4.8 (475 penilaian)","25 bulan lalu","null","KOTA BANDUNG","40%offSVRPLVS STUDIO Hoodie Learn To FlightPilih 2, bayar Rp135.000Rp425.000Rp255.00018 TerjualKOTA BANDUNG","https://shopee.co.id/SVRPLVS-STUDIO-Hoodie-Learn-To-Flight-i.320046627.15947278810?sp_atk=c76eb547-8547-4056-8e2f-9b7535fb1faa&xptdk=c76eb547-8547-4056-8e2f-9b7535fb1faa","null","null","null","null","null"
"1669261899-135","https://shopee.co.id/mall/brands/11042849","Sutra Putih","https://shopee.co.id/batiksutraputih","","null","78% (hitungan jam)","1,9RB","4.9 (2RB penilaian)","4 tahun lalu","null","KOTA JAKARTA PUSAT","Sutra Putih - Seragam Batik PNS Wanita KORPRI - Badan Furing HeroRp269.000 - Rp379.0001,4RB TerjualKOTA JAKARTA PUSAT","https://shopee.co.id/Sutra-Putih-Seragam-Batik-PNS-Wanita-KORPRI-Badan-Furing-Hero-i.131971415.6513482779?sp_atk=a637ac69-0ab1-42f4-9f31-4743bf13458f&xptdk=a637ac69-0ab1-42f4-9f31-4743bf13458f","null","null","null","null","null"
"1669261928-136","https://shopee.co.id/mall/brands/11042849","Surfakiller","https://shopee.co.id/surfakillerstore","","193","96% (hitungan jam)","24,7RB","4.7 (9,3RB penilaian)","4 tahun lalu","null","KOTA MALANG","Surfakiller Shortpant Jeans RippedRp110.0001,8RB TerjualKOTA MALANG","https://shopee.co.id/Surfakiller-Shortpant-Jeans-Ripped-i.122716221.11939615115?sp_atk=78be8f08-6933-46fc-82d7-d5a5e844f5b2&xptdk=78be8f08-6933-46fc-82d7-d5a5e844f5b2","null","null","null","null","null"
"1669261955-137","https://shopee.co.id/mall/brands/11042849","SUPEREGO","https://shopee.co.id/superego.co","","null","99% (hitungan jam)","86,3RB","4.8 (38,3RB penilaian)","4 tahun lalu","null","KOTA JAKARTA PUSAT","37%offSuperego Celana Cargo Pants Pria Jeans Reguler Loose fit Standard Denim Washed Snow Black SCPDW01DDiskon Rp20RBRp450.000Rp284.5003,6RB TerjualKOTA JAKARTA PUSAT","https://shopee.co.id/Superego-Celana-Cargo-Pants-Pria-Jeans-Reguler-Loose-fit-Standard-Denim-Washed-Snow-Black-SCPDW01D-i.135810858.9714763598?sp_atk=2cc57978-a8cd-4745-a44e-6f30ea6e19da&xptdk=2cc57978-a8cd-4745-a44e-6f30ea6e19da","null","null","null","null","null"
"1669261987-138","https://shopee.co.id/mall/brands/11042849","Superdry","https://shopee.co.id/superdry.official","","2,3RB","99% (hitungan jam)","7RB","4.7 (256 penilaian)","18 bulan lalu","null","KOTA BEKASI","25%offSuperdry Reversible Canvas Belt Unisex 02Diskon 5%Rp509.000Rp381.7504 TerjualKOTA BEKASI","https://shopee.co.id/Superdry-Reversible-Canvas-Belt-Unisex-02-i.462217384.11310751382?sp_atk=e55d9e01-a216-477e-bf3e-d4ff0c761c73&xptdk=e55d9e01-a216-477e-bf3e-d4ff0c761c73","null","null","null","null","null"
"1669262015-139","https://shopee.co.id/mall/brands/11042849","SUNDAYROSE","https://shopee.co.id/sundayrose.co","","null","81% (hitungan jam)","17,6RB","4.8 (3,3RB penilaian)","4 tahun lalu","null","KAB. KUDUS","30%offSUNDAYROSE T-shirt AGROSES BlackRp150.000Rp105.000323 TerjualKAB. KUDUS","https://shopee.co.id/SUNDAYROSE-T-shirt-AGROSES-Black-i.84654093.3035256007?sp_atk=a7dac65c-8aad-47e3-8850-b092cc6af123&xptdk=a7dac65c-8aad-47e3-8850-b092cc6af123","null","null","null","null","null"
"1669262051-140","https://shopee.co.id/mall/brands/11042849","Sunday Sunday Co","https://shopee.co.id/sundaysundayco","","null","72% (hitungan jam)","35,7RB","4.8 (5,4RB penilaian)","34 bulan lalu","null","KOTA JAKARTA BARAT","SundaySundayCo - Hoodie - Forever Niji Ph Logo BlackRp425.000208 TerjualKOTA JAKARTA BARAT","https://shopee.co.id/SundaySundayCo-Hoodie-Forever-Niji-Ph-Logo-Black-i.225475825.5141508104?sp_atk=b5a41887-25af-46dd-922e-f2e905817765&xptdk=b5a41887-25af-46dd-922e-f2e905817765","null","null","null","null","null"
"1669262087-141","https://shopee.co.id/mall/brands/11042849","Suji Lab","https://shopee.co.id/suji.lab","","null","63% (hitungan jam)","8,8RB","4.9 (4,1RB penilaian)","21 bulan lalu","null","KAB. BANDUNG BARAT","41%offSUJI LAB Kaos Polos T-Shirt Basic Regular Hitam BlackPilih 3, bayar Rp180.000Rp110.000Rp65.000882 TerjualKAB. BANDUNG BARAT","https://shopee.co.id/SUJI-LAB-Kaos-Polos-T-Shirt-Basic-Regular-Hitam-Black-i.391471783.6379992958?sp_atk=8c20ff56-ad59-4244-94d3-4df52ffc5139&xptdk=8c20ff56-ad59-4244-94d3-4df52ffc5139","null","null","null","null","null"
"1669262117-142","https://shopee.co.id/mall/brands/11042849","SUICIDE ANTHEM","https://shopee.co.id/suicide_anthem","","131","97% (hitungan jam)","16,2RB","4.8 (3,6RB penilaian)","5 tahun lalu","null","KOTA BEKASI","SUICIDE ANTHEM Longsleeve Engry Oranges (FSR-1488)Diskon Rp7,5RBPilih 2, bayar Rp150.000Rp155.00062 TerjualKOTA BEKASI","https://shopee.co.id/SUICIDE-ANTHEM-Longsleeve-Engry-Oranges-(FSR-1488)-i.70043979.2392606719?sp_atk=9a53aaf4-b295-4172-ac9a-1565280655ad&xptdk=9a53aaf4-b295-4172-ac9a-1565280655ad","null","null","null","null","null"
"1669262154-143","https://shopee.co.id/mall/brands/11042849","Sucksme","https://shopee.co.id/sucksmecompany","","239","67% (hitungan jam)","4RB","4.6 (598 penilaian)","28 bulan lalu","null","KOTA JAMBI","Sucksme Crewneck Original - Broken WhiteDiskon Rp10RBRp165.000263 TerjualKOTA JAMBI","https://shopee.co.id/Sucksme-Crewneck-Original-Broken-White-i.287573108.4867463499?sp_atk=419bf8ba-ad02-49a1-a2c8-2dc97af7ab9f&xptdk=419bf8ba-ad02-49a1-a2c8-2dc97af7ab9f","null","null","null","null","null"
"1669262195-144","https://shopee.co.id/mall/brands/11042849","Stwoz","https://shopee.co.id/stwoz","","46","100% (hitungan menit)","12,8RB","4.7 (10,8RB penilaian)","4 tahun lalu","null","KOTA BANDUNG","35%offStwoz Sweater Hoodie Zipper Polos Original free Gantungan kunciKombo HematRp85.000 - Rp150.0006,2RB TerjualKOTA BANDUNG","https://shopee.co.id/Stwoz-Sweater-Hoodie-Zipper-Polos-Original-free-Gantungan-kunci-i.91269285.1997841355?sp_atk=07f533c1-3fc7-4811-9bc3-a16696db815e&xptdk=07f533c1-3fc7-4811-9bc3-a16696db815e","null","null","null","null","null"
"1669262228-145","https://shopee.co.id/mall/brands/11042849","Straightface Menswear","https://shopee.co.id/straightface","","53","95% (hitungan jam)","18RB","4.8 (5,6RB penilaian)","5 tahun lalu","null","KOTA TEGAL","3%offStraightface Menswear Chino Pants Black SlimfitPilih 2, diskon 5%Rp193.000Rp187.2101,4RB TerjualKOTA TEGAL","https://shopee.co.id/Straightface-Menswear-Chino-Pants-Black-Slimfit-i.47734515.992869280?sp_atk=02037997-00d7-498f-80f5-8b3bafed473c&xptdk=02037997-00d7-498f-80f5-8b3bafed473c","null","null","null","null","null"
"1669262263-146","https://shopee.co.id/mall/brands/11042849","Steigen.co","https://shopee.co.id/steigen.id","","355","95% (hitungan jam)","112,8RB","4.8 (45,6RB penilaian)","4 tahun lalu","null","KOTA BANDUNG","25%offSteigen Bomber Oslo sueding caramelDiskon Rp11RBMurah LebayRp240.000Rp180.0002,5RB TerjualKOTA BANDUNG","https://shopee.co.id/Steigen-Bomber-Oslo-sueding-caramel-i.72269411.3639889631?sp_atk=0e82ee0b-dd96-43b7-aa77-8cc4cd5cf2ad&xptdk=0e82ee0b-dd96-43b7-aa77-8cc4cd5cf2ad","null","null","null","null","null"
"1669262297-147","https://shopee.co.id/mall/brands/11042849","Steady & Slow","https://shopee.co.id/steadyandslow","","100","100% (hitungan jam)","13RB","4.8 (5,2RB penilaian)","5 tahun lalu","null","KOTA BANDUNG","62%offSteady&Slow - Kurt Black Stripe - Cotton Combed 30SPilih 2, bayar Rp170.000Rp84.095 - Rp98.0004,5RB TerjualKOTA BANDUNG","https://shopee.co.id/Steady-Slow-Kurt-Black-Stripe-Cotton-Combed-30S-i.35244284.4843555879?sp_atk=0664e66c-a264-4c52-aa69-5562c8af564e&xptdk=0664e66c-a264-4c52-aa69-5562c8af564e","null","null","null","null","null"
"1669262350-148","https://shopee.co.id/mall/brands/11042849","Stargazers","https://shopee.co.id/stargazers.studio","","222","96% (hitungan jam)","56RB","4.8 (13,4RB penilaian)","4 tahun lalu","null","KOTA BANDUNG","51%offStargazers 30s Tshirt Hand of Philosopher BlackDiskon Rp5RBPilih 2, bayar Rp169.000Rp180.000Rp89.000732 TerjualKOTA BANDUNG","https://shopee.co.id/Stargazers-30s-Tshirt-Hand-of-Philosopher-Black-i.84754894.8770231889?sp_atk=12a0753f-5fc6-42be-aa58-eec59b2a061a&xptdk=12a0753f-5fc6-42be-aa58-eec59b2a061a","null","null","null","null","null"
"1669262379-149","https://shopee.co.id/mall/brands/11042849","Starcross","https://shopee.co.id/starcross_clothing","","null","95% (hitungan jam)","216,2RB","4.8 (97,4RB penilaian)","5 tahun lalu","null","KAB. SLEMAN","40%offSTARCROSS Kaos Pria - RAINBOW FONT 2 - BlackMurah LebayRp178.000Rp106.8001,3RB TerjualKAB. SLEMAN","https://shopee.co.id/STARCROSS-Kaos-Pria-RAINBOW-FONT-2-Black-i.27198500.8522272542?sp_atk=1d428933-0a18-4c5f-81c5-184ec8924526&xptdk=1d428933-0a18-4c5f-81c5-184ec8924526","null","null","null","null","null"
"1669262408-150","https://shopee.co.id/mall/brands/11042849","Ssmy.Indonesia","https://shopee.co.id/ssmy.indonesia","","null","99% (hitungan jam)","4,6RB","4.7 (919 penilaian)","6 bulan lalu","null","KAB. BEKASI","62%offSSMY T-SHIRT ZOOM OVERSIZE STYLE KOREA 2022 NEW PRIA DAN WANITA LENGAN PENDEK FOREIGNERDiskon Rp10RBRp169.000Rp65.000299 TerjualKAB. BEKASI","https://shopee.co.id/SSMY-T-SHIRT-ZOOM-OVERSIZE-STYLE-KOREA-2022-NEW-PRIA-DAN-WANITA-LENGAN-PENDEK-FOREIGNER-i.790007878.13095140872?sp_atk=122da241-5bfb-490e-bd97-9eab4fb3ab70&xptdk=122da241-5bfb-490e-bd97-9eab4fb3ab70","null","null","null","null","null"
"1669262438-151","https://shopee.co.id/mall/brands/11042849","Srseven7","https://shopee.co.id/srseven7_official","","null","65% (hitungan jam)","61","4.8 (22 penilaian)","11 bulan lalu","null","KAB. KUDUS","43%offSRSEVEN7 Celana Chino Panjang Pria Big SizeDiskon Rp5RBPilih 2, bayar Rp195.000Rp200.000Rp114.00027 TerjualKAB. KUDUS","https://shopee.co.id/SRSEVEN7-Celana-Chino-Panjang-Pria-Big-Size-i.628042310.14393895856?sp_atk=242dee44-3062-44f4-9869-c8b51b9dd1ec&xptdk=242dee44-3062-44f4-9869-c8b51b9dd1ec","null","null","null","null","null"
"1669262473-152","https://shopee.co.id/mall/brands/11042849","Sports Station","https://shopee.co.id/sportsstationofficialshop","","7,5RB","86% (hitungan jam)","1,2JT","4.9 (331,6RB penilaian)","32 bulan lalu","null","KOTA BEKASI","50%offDiadora Taddeo Men's Sandal - NavyRp100.000 - Rp199.0002,2RB TerjualKOTA BEKASI","https://shopee.co.id/Diadora-Taddeo-Men's-Sandal-Navy-i.234490784.3638467951?sp_atk=cc4f9fd4-87e8-4a7d-8f80-7c4bacf582dc&xptdk=cc4f9fd4-87e8-4a7d-8f80-7c4bacf582dc","null","null","null","null","null"
"1669262516-153","https://shopee.co.id/mall/brands/11042849","Spasmodic","https://shopee.co.id/spasmodicstore","","195","78% (hitungan jam)","35,1RB","4.6 (15,3RB penilaian)","3 tahun lalu","null","KOTA BANDUNG","62%offSpasmodic Crewneck Black KeepMurah LebayRp95.000 - Rp98.8003,2RB TerjualKOTA BANDUNG","https://shopee.co.id/Spasmodic-Crewneck-Black-Keep-i.181335942.2881412316?sp_atk=ef0f6dd0-928f-4a3e-8be4-2d43338931b4&xptdk=ef0f6dd0-928f-4a3e-8be4-2d43338931b4","null","null","null","null","null"
